video_link,criador,descricao,likes,comentarios,visualizacoes,data_publicacao,musica,patrocinado,anuncio,tiktok_shop,business_account,link_externo,conta_oficial,hashtags,timestamp,status
https://www.tiktok.com/@bysecretangel/video/7614167509754973460,bysecretangel,"2000’s yoga aesthetic 🧘🏻‍♀️🪷🍵
#yoga #aesthetic #2000s #yogagirl #fyp ",795,3,0.0,,,False,False,False,False,False,False,"['yoga', 'aesthetic', '2000s', 'yogagirl', 'fyp']",2026-04-13 15:39:48,error
https://www.tiktok.com/@.diary.of.a.fawne/video/7627427861493861654,.diary.of.a.fawne,"Let’s bring back this aesthetic 

#2000s #yoga #fyp #goviral ",334,0,0.0,,,False,False,False,False,False,False,"['2000s', 'yoga', 'fyp', 'goviral']",2026-04-13 15:39:54,done
https://www.tiktok.com/@influwannabe/video/7623328561193094433,influwannabe,All I need is a matcha now 🍵 🧘🏼‍♀️ #yogaaesthetic #yogamom #2000sfashion #pinterest #fyp,1037,9,0.0,,,False,False,False,False,False,False,"['yogaaesthetic', 'yogamom', '2000sfashion', 'pinterest', 'fyp']",2026-04-13 15:40:01,done
https://www.tiktok.com/@user1843420/video/7598808486360763679,user1843420,,58900,79,0.0,,,False,False,False,False,False,False,[],2026-04-13 15:40:07,done
https://www.tiktok.com/@soft.angel.wings.sienna/video/7624487791447018774,soft.angel.wings.sienna,#zen #yoga #2000syogamomaesthetic #yogainstructor #fyp,83,0,0.0,,,False,False,False,False,False,False,"['zen', 'yoga', '2000syogamomaesthetic', 'yogainstructor', 'fyp']",2026-04-13 15:40:12,done
https://www.tiktok.com/@swag..unicorn/video/7619832705395526942,swag..unicorn,I love yoga #fyp #2000s #spring #aesthetic #yogaaesthetic ,2919,3,0.0,,,False,False,False,False,False,False,"['fyp', '2000s', 'spring', 'aesthetic', 'yogaaesthetic']",2026-04-13 15:40:17,done
https://www.tiktok.com/@thestarofpinterest/video/7604166420129139990,thestarofpinterest,#2000syoga #aesthetic #y2k #yogainstructor #vibe ,3006,4,0.0,,,False,False,False,False,False,False,"['2000syoga', 'aesthetic', 'y2k', 'yogainstructor', 'vibe']",2026-04-13 15:40:24,done
https://www.tiktok.com/@bombshell_candle/video/7622526550209989902,bombshell_candle,Yoga 2000s aesthetic #2000 #fyp #yoga #buddha #lotus 🪷💆🏻‍♀️🧎🏻‍♀️‍➡️🎍,70,1,0.0,,,False,False,False,False,False,False,"['2000', 'fyp', 'yoga', 'buddha', 'lotus']",2026-04-13 15:40:30,done
https://www.tiktok.com/@kimberlyangelxoxoooooo/video/7619072990231317780,kimberlyangelxoxoooooo,#yoga #2000yogaaesthetic ,123,0,0.0,,,False,False,False,False,False,False,"['yoga', '2000yogaaesthetic']",2026-04-13 15:40:35,done
https://www.tiktok.com/@eunicornnn_/video/7585338899128470797,eunicornnn_,"With Pilates and walk clubs taking over 2025, 2026 is the year of yoga. The Zen-X aesthetic gives Gen z comfort, allows talks of environmental justice, and opens the door for deeper understanding of one’s body. Have you seen it yet? Let me know in the comments. #zen #yoga #zengarden #trending #fyp ",25000,228,0.0,,,False,False,False,False,False,False,"['zen', 'yoga', 'zengarden', 'trending', 'fyp']",2026-04-13 15:40:41,done
https://www.tiktok.com/@etherialkay/video/7625021341053275406,etherialkay,#2000s #yoga #2000syogaaesthetic #yogamom ,667,4,0.0,,,False,False,False,False,False,False,"['2000s', 'yoga', '2000syogaaesthetic', 'yogamom']",2026-04-13 15:40:47,error
https://www.tiktok.com/@stargirldistrict/video/7623468889724161302,stargirldistrict,this aesthetic>> #yogacore #2000syoga #2000syogamomaesthetic #zenyoga #2000syogamom ,962,1,0.0,2026-6-79,,False,False,False,False,False,False,"['yogacore', '2000syoga', '2000syogamomaesthetic', 'zenyoga', '2000syogamom']",2026-04-13 15:40:53,done
https://www.tiktok.com/@moodboard.ni/video/7623127513253842197,moodboard.ni,"I wish I lived in Asia #Asia #moodboard #Pinterest #yoga #2000s 
.
.
.
.
.
.
vibes, moodboard, aesthetic, core, yoga aesthetic, 2000s vibe ",330,0,0.0,2026-6-79,,False,False,False,False,False,False,"['asia', 'moodboard', 'pinterest', 'yoga', '2000s']",2026-04-13 15:41:00,done
https://www.tiktok.com/@azphera/video/7606463842142391574,azphera,🪷🍵🧘‍♀️ | #2000syogaaesthetic #2000s #fyp #foryoupage #targetaudience ,2905,1,0.0,2026-6-79,,False,False,False,False,False,False,"['2000syogaaesthetic', '2000s', 'fyp', 'foryoupage', 'targetaudience']",2026-04-13 15:41:06,done
https://www.tiktok.com/@mindpower222/video/7599851828599180575,mindpower222,"Christina Milian 2000s Style 💙

#2000sthrowback #aestheticvideos #y2k #aestheticedits #pinterestaesthetic ",37800,50,0.0,2026-6-79,,False,False,False,False,False,False,"['2000sthrowback', 'aestheticvideos', 'y2k', 'aestheticedits', 'pinterestaesthetic']",2026-04-13 15:41:12,done
https://www.tiktok.com/@roleplay_dreamlife/video/7623633980629323026,roleplay_dreamlife,ICONIC #2000syogaaesthetic #gabrielsolis #desperatehousewives #foryoupage #viral ,706,0,0.0,2026-6-79,,False,False,False,False,False,False,"['2000syogaaesthetic', 'gabrielsolis', 'desperatehousewives', 'foryoupage', 'viral']",2026-04-13 15:41:18,done
https://www.tiktok.com/@secretiveways/video/7595543321888460064,secretiveways,#pilates #yoga #pink #2000s #aesthetic ,29400,21,0.0,2026-6-79,,False,False,False,False,False,False,"['pilates', 'yoga', 'pink', '2000s', 'aesthetic']",2026-04-13 15:41:24,done
https://www.tiktok.com/@luccadiproenca/video/7614589474634386706,luccadiproenca,#zen #2000s #yoga #tiger #moodboard ,124,0,0.0,2025-12-23,,False,False,False,False,False,False,"['zen', '2000s', 'yoga', 'tiger', 'moodboard']",2026-04-13 15:41:31,done
https://www.tiktok.com/@cupcakeangelswirl/video/7624624089801461000,cupcakeangelswirl,2000’s yoga mom aesthetic   ྀིྀི  | #2000s #fyp #makemefamous #viral #yogamom ,2437,11,0.0,2026-6-79,,False,False,False,False,False,False,"['2000s', 'fyp', 'makemefamous', 'viral', 'yogamom']",2026-04-13 15:41:37,done
https://www.tiktok.com/@.m1ss.w0rld/video/7623014449321921814,.m1ss.w0rld,,36,0,0.0,2026-6-79,,False,False,False,False,False,False,[],2026-04-13 15:41:44,done
https://www.tiktok.com/@l0nelysoul0/video/7596727196350254367,l0nelysoul0,"...

#real #alone #nature #atmosphere #aesthetic #vibes ",249100,1062,0.0,2026-6-79,,False,False,False,False,False,False,"['real', 'alone', 'nature', 'atmosphere', 'aesthetic', 'vibes']",2026-04-13 15:41:50,done
https://www.tiktok.com/@fawnangel00/video/7622075634163961102,fawnangel00,2000s tuscan mom yoga core #aesthetic ,203200,252,0.0,2026-6-79,,False,False,False,False,False,False,['aesthetic'],2026-04-13 15:41:56,done
https://www.tiktok.com/@carolinlysays/video/7605735642152094997,carolinlysays,#yogacoach#2000s #dreamjob#2000saesthetic #la ,760,1,0.0,2026-6-79,,False,False,False,False,False,False,"['yogacoach', '2000s', 'dreamjob', '2000saesthetic', 'la']",2026-04-13 15:42:00,done
https://www.tiktok.com/@claireavss/video/7622152333287263518,claireavss,"🪷☮️🧘🏻‍♀️My mom lowk cool asf, yes she was a yoga teacher.  #2000syogamom #aesthetic #fyp #yoga #foryoupage ",264,11,0.0,2025-12-4,,False,False,False,False,False,False,"['2000syogamom', 'aesthetic', 'fyp', 'yoga', 'foryoupage']",2026-04-13 15:42:06,done
https://www.tiktok.com/@olliemayy/video/7620975812367453453,olliemayy,immediately yes #yoga #2000s #aesthetic ,241,6,0.0,2025-12-24,,False,False,False,False,False,False,"['yoga', '2000s', 'aesthetic']",2026-04-13 15:42:11,done
https://www.tiktok.com/@julia.bunea/video/7628227958838185238,julia.bunea,2000s yoga #2000sthrowback #2000s #yoga #yogamom #aesthetic ,228,2,0.0,,,False,False,False,False,False,False,"['2000sthrowback', '2000s', 'yoga', 'yogamom', 'aesthetic']",2026-04-13 15:42:17,error
https://www.tiktok.com/@polkadotteyes/video/7626787191951265046,polkadotteyes,2000s yoga aesthetic #2000s #yoga #spirituality #fyp #fypppppppppppppp ,206,2,0.0,2026-6-79,,False,False,False,False,False,False,"['2000s', 'yoga', 'spirituality', 'fyp', 'fypppppppppppppp']",2026-04-13 15:42:23,done
https://www.tiktok.com/@dollycupcake9/video/7625470517734034719,dollycupcake9,Still learning lol!🧘🏻‍♀️🪷#yoga #pinterest #yogainspiration #2000syogaaesthetic #fyp,92,2,0.0,2026-6-79,,False,False,False,False,False,False,"['yoga', 'pinterest', 'yogainspiration', '2000syogaaesthetic', 'fyp']",2026-04-13 15:42:29,done
https://www.tiktok.com/@skidoooski/video/7602735284064636190,skidoooski,"2000s yoga vibe.
#OOTD #florida #2000syogaaesthetic ",26100,38,0.0,2025-9-23,,False,False,False,False,False,False,"['OOTD', 'florida', '2000syogaaesthetic']",2026-04-13 15:42:34,done
https://www.tiktok.com/@haileys._.comet/video/7623547697869491469,haileys._.comet,"This has to be one of my favorite aesthetics 🪷🧘🏽‍♀️
#frutiger #2000s #2000syogaaesthetic #zen #zenx ",1692,15,0.0,2026-6-79,,False,False,False,False,False,False,"['frutiger', '2000s', '2000syogaaesthetic', 'zen', 'zenx']",2026-04-13 15:42:40,done
https://www.tiktok.com/@azi.05.12/video/7617929374733569300,azi.05.12,2000s yoga 🧘🏻‍♀️ 🍀🍵#yogaaesthetic #2000s 2000s yoga aesthetic,510,0,0.0,2026-6-79,,False,False,False,False,False,False,"['yogaaesthetic', '2000s']",2026-04-13 15:42:46,done
https://www.tiktok.com/@livsdiaryentries/video/7622370592401968385,livsdiaryentries,2000s tuscan yoga instructor aesthetic #2000s #yoga #fyp #tuscan #yogamom ,566,3,0.0,2026-6-79,,False,False,False,False,False,False,"['2000s', 'yoga', 'fyp', 'tuscan', 'yogamom']",2026-04-13 15:42:51,done
https://www.tiktok.com/@supercoolicon333/video/7521680619793943830,supercoolicon333,,153,0,0.0,2026-6-79,,False,False,False,False,False,False,[],2026-04-13 15:42:59,done
https://www.tiktok.com/@kazzkazzb/video/7625359607791144214,kazzkazzb,"channeling 2000s yoga mom🧘🏾‍♀️
#yogalover #2000syogamomaesthetic #wellnesslifestyle #fyp",240,2,0.0,2026-6-79,,False,False,False,False,False,False,"['yogalover', '2000syogamomaesthetic', 'wellnesslifestyle', 'fyp']",2026-04-13 15:43:04,done
https://www.tiktok.com/@qwruuuu/video/7607099889423568145,qwruuuu,#yoga #aesthetic #asian #fyp #buddha I CANT with this god,1041,0,0.0,2025-8-23,,False,False,False,False,False,False,"['yoga', 'aesthetic', 'asian', 'fyp', 'buddha']",2026-04-13 15:43:11,done
https://www.tiktok.com/@esmeralderr/video/7625617716266781972,esmeralderr,Making a comeback 🧘🏻‍♀️🪷🎀 #y2k #early2000s #yogamom #yoga #desperatehousewives ,135,2,0.0,2025-10-1,,False,False,False,False,False,False,"['y2k', 'early2000s', 'yogamom', 'yoga', 'desperatehousewives']",2026-04-13 15:43:18,done
https://www.tiktok.com/@luna_star_vibe32/video/7619767493116169503,luna_star_vibe32,2000s yoga aesthetic #2000s #fyp #edit #yoga #aesthetic,1367,4,0.0,2026-6-79,,False,False,False,False,False,False,"['2000s', 'fyp', 'edit', 'yoga', 'aesthetic']",2026-04-13 15:43:24,done
https://www.tiktok.com/@memoryv4ult.mp3/video/7616343477609073928,memoryv4ult.mp3,,596,0,0.0,2026-6-79,,False,False,False,False,False,False,[],2026-04-13 15:43:30,done
https://www.tiktok.com/@gold_aura_/video/7618493753967332640,gold_aura_,2000s yoga mom aesthetic #fyp #goviral #moodboard #2000 #yoga ,618,0,0.0,2025-6-10,,False,False,False,False,False,False,"['fyp', 'goviral', 'moodboard', '2000', 'yoga']",2026-04-13 15:43:36,done
https://www.tiktok.com/@crybabylilixo/video/7252412235358801157,crybabylilixo,This took me 2 hours lol hope you enjoy!💕 Which ones are your fave? #mcbling #y2k #2000s #mcblingaesthetic #y2kaesthetic #2000saesthetic #trashyy2k #bimbo #emobrat #crybabylilixo ,2725,40,0.0,2023-7-5,,False,False,False,False,False,False,"['mcbling', 'y2k', '2000s', 'mcblingaesthetic', 'y2kaesthetic', '2000saesthetic', 'trashyy2k', 'bimbo', 'emobrat', 'crybabylilixo']",2026-04-13 15:43:42,done
https://www.tiktok.com/@katiesfashionjournal/video/7619398609208970518,katiesfashionjournal,the vibe I’m on #yoga #2000syogaaesthetic #yogaaesthetic #2000syoga ,204,18,0.0,2026-6-79,,False,False,False,False,False,False,"['yoga', '2000syogaaesthetic', 'yogaaesthetic', '2000syoga']",2026-04-13 15:43:48,done
https://www.tiktok.com/@whimsicalwhimsyness/video/7620659844705570079,whimsicalwhimsyness,🧘‍♀️#yoga #2000snostalgia #2000s #targetaudience #fyppp ,895,1,0.0,2026-6-79,,False,False,False,False,False,False,"['yoga', '2000snostalgia', '2000s', 'targetaudience', 'fyppp']",2026-04-13 15:43:53,done
https://www.tiktok.com/@primaverii_princess/video/7628182404770860310,primaverii_princess,"2000s tuscan yoga mom🪷
#yoga#yogamom#zen#foryou#goviral",561,0,0.0,2026-6-79,,False,False,False,False,False,False,"['yoga', 'yogamom', 'zen', 'foryou', 'goviral']",2026-04-13 15:43:59,done
https://www.tiktok.com/@maryannew_/video/7598161705079754006,maryannew_,"Replying to @☆ Imogen ☆ here’s what to search on @eBay UK & @Vinted for the 2000’s yoga mom aesthetic 🫶

#2000sstyle #yogamom #vintageathleisure #vintedfr #ebay ",56500,84,0.0,2026-6-79,,False,False,False,False,False,False,"['2000sstyle', 'yogamom', 'vintageathleisure', 'vintedfr', 'ebay']",2026-04-13 15:44:04,done
https://www.tiktok.com/@cokeprincesa/video/7569789443675065630,cokeprincesa,"🪷🪷

#wellnesslifestyle #2000swellnessaesthetic #yoga #spiritual #2000syogaaesthetic ",267900,461,0.0,2025-11-6,,False,False,False,False,False,False,"['wellnesslifestyle', '2000swellnessaesthetic', 'yoga', 'spiritual', '2000syogaaesthetic']",2026-04-13 15:44:11,done
https://www.tiktok.com/@internetdoll101/video/7611343492228386079,internetdoll101,#2000syogaaesthetic #moodboardaesthetic #vintagefashion #2000sthrowback #repost ,145,1,0.0,2025-6-3,,False,False,False,False,False,False,"['2000syogaaesthetic', 'moodboardaesthetic', 'vintagefashion', '2000sthrowback', 'repost']",2026-04-13 15:44:17,done
https://www.tiktok.com/@bunnydollxx/video/7621365703223954702,bunnydollxx,My body hurts ,77,0,0.0,2025-6-12,,False,False,False,False,False,False,[],2026-04-13 15:44:24,done
https://www.tiktok.com/@gridmargiela/video/7619825397877853460,gridmargiela,"amo essa estética yoga y2k 

#fashiontiktok #nostalgiacore #aesthetic #inspo ",89,0,0.0,2026-6-79,,False,False,False,False,False,False,"['fashiontiktok', 'nostalgiacore', 'aesthetic', 'inspo']",2026-04-13 15:44:29,done
https://www.tiktok.com/@crysweetybaby/video/7610583707723844884,crysweetybaby,#early2000s #yogaaesthetic #2000s #usa #pinterest ,1163,0,0.0,2026-6-79,,False,False,False,False,False,False,"['early2000s', 'yogaaesthetic', '2000s', 'usa', 'pinterest']",2026-04-13 15:44:34,done
https://www.tiktok.com/@lifestyles.18/video/7610111857268903182,lifestyles.18,#yoga #mom #strangerthings4 #smoothie ,2079,8,0.0,2025-12-6,,False,False,False,False,False,False,"['yoga', 'mom', 'strangerthings4', 'smoothie']",2026-04-13 15:44:40,done
https://www.tiktok.com/@tealmoonlight/video/7623330338479148301,tealmoonlight,🍋‍🟩🪵🌴 #aesthetic #visionboard #2000syogaaesthetic #bohemian #sunlight ,188,0,0.0,2026-6-79,,False,False,False,False,False,False,"['aesthetic', 'visionboard', '2000syogaaesthetic', 'bohemian', 'sunlight']",2026-04-13 15:44:46,done
https://www.tiktok.com/@.miss_lizz/video/7609785461451574550,.miss_lizz,beauty of #yoga #aestheticvideos #2000s #nature #targetaudience ,275,2,0.0,2025-11-29,,False,False,False,False,False,False,"['yoga', 'aestheticvideos', '2000s', 'nature', 'targetaudience']",2026-04-13 15:44:52,done
https://www.tiktok.com/@antoninasssss/video/7624795400066698503,antoninasssss,#2000s #yogagirl #pinterest #рекомендации ,96,4,0.0,2026-6-79,,False,False,False,False,False,False,"['2000s', 'yogagirl', 'pinterest', '%D1%80%D0%B5%D0%BA%D0%BE%D0%BC%D0%B5%D0%BD%D0%B4%D0%B0%D1%86%D0%B8%D0%B8']",2026-04-13 15:44:59,done
https://www.tiktok.com/@sweet.chaiiilatte/video/7603965774713195806,sweet.chaiiilatte,#frutegeraero #2000swellnessaesthetic #2000snostalgia #yoga #foryou ,982,7,0.0,2026-6-79,,False,False,False,False,False,False,"['frutegeraero', '2000swellnessaesthetic', '2000snostalgia', 'yoga', 'foryou']",2026-04-13 15:45:05,done
https://www.tiktok.com/@ootd00001/video/7603069208993271062,ootd00001,2000s yoga vibe #2000s #foryou #pourtoiii #2000syoga #yoga ,215,0,0.0,2026-5-79,,False,False,False,False,False,False,"['2000s', 'foryou', 'pourtoiii', '2000syoga', 'yoga']",2026-04-13 15:45:12,done
https://www.tiktok.com/@hyunjinniet0nes/video/7575044074785230111,hyunjinniet0nes,#2000s #yoga #valerialukyanova #spiritual #wellness ,915,6,0.0,2025-11-21,,False,False,False,False,False,False,"['2000s', 'yoga', 'valerialukyanova', 'spiritual', 'wellness']",2026-04-13 15:45:18,done
https://www.tiktok.com/@pluvi0phlle/video/7617954206430809376,pluvi0phlle,"I miss the 2000s hopeful utopianism 🪼⋆｡𖦹°🫧⋆.ೃ࿔*:･

||tags: #frutigerzen #2000swellness #wellness 2000s frutiger #zen #2000syoga yoga early2000s",1643,7,0.0,2025-8-5,,False,False,False,False,False,False,"['frutigerzen', '2000swellness', 'wellness', 'zen', '2000syoga']",2026-04-13 15:45:24,done
https://www.tiktok.com/@whimsywhim11/video/7619594820968877320,whimsywhim11,2000s yoga mom aesthetic #2000s #yoga #aesthetic,38,1,0.0,2026-6-79,,False,False,False,False,False,False,"['2000s', 'yoga', 'aesthetic']",2026-04-13 15:45:30,done
https://www.tiktok.com/@user524371890/video/7619422015883119894,user524371890,#2000s #foryoupage #foryou #fallaesthetic #fyp moodboard 2000s ,107600,365,0.0,2026-6-79,,False,False,False,False,False,False,"['2000s', 'foryoupage', 'foryou', 'fallaesthetic', 'fyp']",2026-04-13 15:45:36,done
https://www.tiktok.com/@strfiish/video/7604327461932911903,strfiish,2000s yoga athleisure  🍵🧘‍♀️🪷 ##2000s##workoutclothes##pilates#2000sclothes##2026trends,63900,71,0.0,2026-6-79,,False,False,False,False,False,False,"['2000s', 'workoutclothes', 'pilates', '2000sclothes', '2026trends']",2026-04-13 15:45:43,done
https://www.tiktok.com/@mtylrxx/video/7614959279509982477,mtylrxx,2000’s yoga mom 🧘‍♀️🪷 #y2k #aesthetic #2000s ,166,0,0.0,2021-8-14,,False,False,False,False,False,False,"['y2k', 'aesthetic', '2000s']",2026-04-13 15:45:49,done
https://www.tiktok.com/@perryymayy/video/7616507905163939086,perryymayy,#y2k #2000syogamom #yogaoutfitinspo,358,1,0.0,2026-6-79,,False,False,False,False,False,False,"['y2k', '2000syogamom', 'yogaoutfitinspo']",2026-04-13 15:45:54,done
https://www.tiktok.com/@fashionxsz/video/7603896925011709206,fashionxsz,,4356,9,0.0,2026-6-79,,False,False,False,False,False,False,[],2026-04-13 15:46:00,done
https://www.tiktok.com/@sophia_inspo1/video/7627395728079375638,sophia_inspo1,#2000s #zen #yoga #tuscan #fyp ,51,2,0.0,2025-12-25,,False,False,False,False,False,False,"['2000s', 'zen', 'yoga', 'tuscan', 'fyp']",2026-04-13 15:46:07,done
https://www.tiktok.com/@kc.villaa/video/7610239382309588238,kc.villaa,gabrielle solís the og tuscan yoga mom #gabriellesolis #tuscanyogamom #2000syogamom #tuscanaesthetic ,1636,2,0.0,2026-6-79,,False,False,False,False,False,False,"['gabriellesolis', 'tuscanyogamom', '2000syogamom', 'tuscanaesthetic']",2026-04-13 15:46:13,done
https://www.tiktok.com/@lavenderbbyx/video/7620673510553472264,lavenderbbyx,2000s yoga mom 👩 🧘‍♀️#yoga #aesthetic #vibe #style #2000s ,271,2,0.0,2026-6-79,,False,False,False,False,False,False,"['yoga', 'aesthetic', 'vibe', 'style', '2000s']",2026-04-13 15:46:18,done
https://www.tiktok.com/@leyla.licious/video/7619818179811888414,leyla.licious,#targetaudience #hijabi #swag #2000s #niche ,157,2,0.0,2026-6-79,,False,False,False,False,False,False,"['targetaudience', 'hijabi', 'swag', '2000s', 'niche']",2026-04-13 15:46:24,done
https://www.tiktok.com/@v4nill44ngel/video/7626403396618079501,v4nill44ngel,Share my world🪷 #2000syogaaesthetic #zenaesthetic #fyp #moodboard #tuscan ,401,2,0.0,2026-6-79,,False,False,False,False,False,False,"['2000syogaaesthetic', 'zenaesthetic', 'fyp', 'moodboard', 'tuscan']",2026-04-13 15:46:30,done
https://www.tiktok.com/@claireecoral/video/7621878628632055070,claireecoral,#yoga #2000syogaaesthetic #pilates #pinterest ,956,7,0.0,2026-6-79,,False,False,False,False,False,False,"['yoga', '2000syogaaesthetic', 'pilates', 'pinterest']",2026-04-13 15:46:36,done
https://www.tiktok.com/@yusukintsugi/video/7624935481888869663,yusukintsugi,🪷🧘‍♀️ #zen #2000syogaaesthetic #lotus #fionaapple #meditation ,162,0,0.0,2026-6-79,,False,False,False,False,False,False,"['zen', '2000syogaaesthetic', 'lotus', 'fionaapple', 'meditation']",2026-04-13 15:46:42,done
https://www.tiktok.com/@_zzz_1157/video/7626475308862016790,_zzz_1157,꒰ა 𝓩𝓮𝓷 𝔂𝓸𝓰𝓪 𝓪𝓮𝓼𝓽𝓱𝓮𝓽𝓲𝓬 ໒꒱                                  #xybcafyp #fyp #viral #zen #2000s ,113,0,0.0,2025-12-28,,False,False,False,False,False,False,"['xybcafyp', 'fyp', 'viral', 'zen', '2000s']",2026-04-13 15:46:47,done
https://www.tiktok.com/@nicoo98/video/7606229492310347015,nicoo98,2000s yoga gal 🪷 #zen  #headstand ,309200,516,0.0,2025-6-27,,False,True,False,False,False,False,"['zen', 'headstand']",2026-04-13 15:46:53,done
https://www.tiktok.com/@stargiiri/video/7623121933684460830,stargiiri,I love this aesthetic so much #2000s #2000syogaaesthetic #yoga,352,12,0.0,2025-10-22,,False,False,False,False,False,False,"['2000s', '2000syogaaesthetic', 'yoga']",2026-04-13 15:47:00,done
https://www.tiktok.com/@nadeenghazal/video/7612331383201025302,nadeenghazal,"obsessed with the 2000s yoga instructor aesthetic🌿
@The Body Shop UK moringa body spray
@Rituals Cosmetics UK ritual of sakura body and hair mist
#BeautyTok #PerfumeTok #2000saesthetic #2000syogamom #scentcombo ",3593,14,0.0,2025-8-30,,False,False,True,False,False,False,"['beautytok', 'perfumetok', '2000saesthetic', '2000syogamom', 'scentcombo']",2026-04-13 15:47:06,done
https://www.tiktok.com/@vanilla_glittery/video/7603844674834402582,vanilla_glittery,"Cant get over the vibe🪷🍹🦩
#Yoga #Yogamom #Tropicalisland #2000s #Tropical ",2774,13,0.0,2026-6-79,,False,False,False,False,False,False,"['yoga', 'yogamom', 'tropicalisland', '2000s', 'tropical']",2026-04-13 15:47:12,done
https://www.tiktok.com/@deathskissclothing/video/7605736150363376927,deathskissclothing,I’m pisssed they’re not my size 😔💔💔💔 #fyp #2000s #yoga #2000syogaaesthetic #tuscan ,163,2,0.0,2026-6-79,,False,False,False,False,False,False,"['fyp', '2000s', 'yoga', '2000syogaaesthetic', 'tuscan']",2026-04-13 15:47:17,done
https://www.tiktok.com/@londongirlys123/video/7622243501127847190,londongirlys123,#2000syoga #2000syogaaesthetic #yogamom #2000s ,108,0,0.0,2026-6-79,,False,False,False,False,False,False,"['2000syoga', '2000syogaaesthetic', 'yogamom', '2000s']",2026-04-13 15:47:22,done
https://www.tiktok.com/@myeightysbaby/video/7626923089804283168,myeightysbaby,The 2000s yoga aesthetic has my whole heart 🌴🍵🧘🏽‍♀️ #yoga #tuscan #2000s #aesthetic #fyp ,247,1,0.0,2026-6-79,,False,False,False,False,False,False,"['yoga', 'tuscan', '2000s', 'aesthetic', 'fyp']",2026-04-13 15:47:27,done
https://www.tiktok.com/@ellax.inspo/video/7609217286230035743,ellax.inspo,moodboard 2/20 🪷🧘🏻‍♀️ #yoga #aesthetic #nostalgia #2000s #fyp,648,1,0.0,2025-4-24,,False,False,False,False,False,False,"['yoga', 'aesthetic', 'nostalgia', '2000s', 'fyp']",2026-04-13 15:47:34,done
https://www.tiktok.com/@ttitixoxo/video/7602445206058716471,ttitixoxo,let’s bring back 2000s yoga instructor vibes .✦ ݁˖ #yoga #wellnesslifestyle #2000snostalgia #wellnessaesthetic #moodboard ,32900,80,0.0,2026-6-79,,False,False,False,False,False,False,"['yoga', 'wellnesslifestyle', '2000snostalgia', 'wellnessaesthetic', 'moodboard']",2026-04-13 15:47:41,done
https://www.tiktok.com/@divamoodboards/video/7609358294670462238,divamoodboards,Aesthetically pleasing #moodboard #2000syogaaesthetic #2000 #calm #yoga ,2601,4,0.0,2025-12-31,,False,False,False,False,False,False,"['moodboard', '2000syogaaesthetic', '2000', 'calm', 'yoga']",2026-04-13 15:47:47,done
https://www.tiktok.com/@sw4n0fl1ght/video/7599012823162801439,sw4n0fl1ght,let’s bring back 2000s yoga instructor vibes .𖥔 ݁ ˖ #yoga #2000s #yogainstructor #fyp #breathe      living during the 2000s nature feeling free vibes,461700,865,0.0,2026-6-79,,False,False,False,False,False,False,"['yoga', '2000s', 'yogainstructor', 'fyp', 'breathe']",2026-04-13 15:47:54,done
https://www.tiktok.com/@nancyluvsmako/video/7625214964663520532,nancyluvsmako,#yoga #2000s #meditation #moodboard #aesthetic,149,3,0.0,2026-6-79,,False,False,False,False,False,False,"['yoga', '2000s', 'meditation', 'moodboard', 'aesthetic']",2026-04-13 15:48:00,done
https://www.tiktok.com/@h3arts_locket/video/7624225522997841174,h3arts_locket,Zen 2000s yoga aesthetic #zen #2000syogaaesthetic #2000s #wellnesslifestyle #yoga ,363,1,0.0,2025-2-3,,False,False,False,False,False,False,"['zen', '2000syogaaesthetic', '2000s', 'wellnesslifestyle', 'yoga']",2026-04-13 15:48:06,done
https://www.tiktok.com/@softlylingers/video/7588404531902401823,softlylingers,#y2k #yogagirl #aesthetic #pinterest ,3341,10,0.0,2025-12-27,,False,False,False,False,False,False,"['y2k', 'yogagirl', 'aesthetic', 'pinterest']",2026-04-13 15:48:12,done
https://www.tiktok.com/@_ema.3/video/7618225399725837590,_ema.3,entering my 2000s yoga mom aesthetic #yogapants 🧘🏽‍♀️🪷,103200,100,0.0,2026-6-79,,False,False,False,False,False,False,['yogapants'],2026-04-13 15:48:18,done
https://www.tiktok.com/@mossfair1e/video/7606091352689921294,mossfair1e,early 2000s yoga/zen aesthetic 🧘🏼‍♀️🪷 #greenscreen ,440,0,0.0,2026-6-79,,False,False,False,False,False,False,['greenscreen'],2026-04-13 15:48:23,done
https://www.tiktok.com/@booeauty/video/7609079397773069598,booeauty,"remembering an era you never lived.. why does this feel like a memory
#2000saesthetic #nostalgiacore #moodboard #yogamom #wellnessaesthetic ",1086,9,0.0,2026-6-79,,False,False,False,False,False,False,"['2000saesthetic', 'nostalgiacore', 'moodboard', 'yogamom', 'wellnessaesthetic']",2026-04-13 15:48:28,done
https://www.tiktok.com/@accountforitgirls/video/7601488280315694359,accountforitgirls,Bring this back #yoga #yogainstructor #fyp #aesthetic #2000s ,789,2,0.0,2026-6-79,,False,False,False,False,False,False,"['yoga', 'yogainstructor', 'fyp', 'aesthetic', '2000s']",2026-04-13 15:48:33,done
https://www.tiktok.com/@cokeprincesa/video/7558981284366716173,cokeprincesa,"🪷

#yoga #2000syogaaesthetic #2000swellness #2000s #yogaaesthetic ",25700,73,0.0,2025-10-8,,False,False,False,False,False,False,"['yoga', '2000syogaaesthetic', '2000swellness', '2000s', 'yogaaesthetic']",2026-04-13 15:48:39,done
https://www.tiktok.com/@rosewoodkiss53/video/7605541034453404950,rosewoodkiss53,#2000s #aesthetic #zen #yogamom #lifestyle ,2630,7,0.0,2026-6-79,,False,False,False,False,False,False,"['2000s', 'aesthetic', 'zen', 'yogamom', 'lifestyle']",2026-04-13 15:48:45,done
https://www.tiktok.com/@xgmvsfmm/video/7579674116437888286,xgmvsfmm,Trippingg #yoga #yogagirl #yogaflow #pilates #flexibility #gymnastics #pilatesgirl #yogatok #usa_tiktok #gymnastics Trippingg #yoga #yogagirl #yogaflow #pilates #flexibility #gymnastics #pilatesgirl #yogatok #usa_tiktok #gymnastics Trippingg #yoga #yogagirl #yogaflow #pilates #flexibility #gymnastics #pilatesgirl #yogatok #usa_tiktok #gymnastics Trippingg #yoga #yogagirl #yogaflow #pilates #flexibility #gymnastics #pilatesgirl #yogatok #usa_tiktok #gymnastics ,1697,27,0.0,2025-12-3,,False,False,False,False,False,False,"['yoga', 'yogagirl', 'yogaflow', 'pilates', 'flexibility', 'gymnastics', 'pilatesgirl', 'yogatok', 'usa_tiktok']",2026-04-13 15:48:52,done
https://www.tiktok.com/@madeof.sugarandspice/video/7627535599934704898,madeof.sugarandspice,"2000's yoga aesthetic 🧘‍♀️
#yoga #2000s #pinterest #zen #foryoupage",406,1,0.0,2026-6-79,,False,False,False,False,False,False,"['yoga', '2000s', 'pinterest', 'zen', 'foryoupage']",2026-04-13 15:48:59,done
https://www.tiktok.com/@sullenswans/video/7606041664087444767,sullenswans,2000s yoga 🪷🧘🏻‍♀️#moodboardaesthetic #pinterest #yoga #2000s #foryoupage ,753,4,0.0,2026-6-79,,False,False,False,False,False,False,"['moodboardaesthetic', 'pinterest', 'yoga', '2000s', 'foryoupage']",2026-04-13 15:49:05,done
https://www.tiktok.com/@britneysgirl/video/7627572173959482646,britneysgirl,"Someone’s life btw 

#2000syoga #yoga #spa #2000s #zenaesthetic ",327,0,0.0,2026-6-79,,False,False,False,False,False,False,"['2000syoga', 'yoga', 'spa', '2000s', 'zenaesthetic']",2026-04-13 15:49:11,done
https://www.tiktok.com/@angelicdiva4life/video/7597568193044958477,angelicdiva4life,2000s yoga lifestyle🪷🌷🧘‍♀️#yoga #2000s #y2k #moodboard #aesthetic ,782,8,0.0,2025-12-19,,False,False,False,False,False,False,"['yoga', '2000s', 'y2k', 'moodboard', 'aesthetic']",2026-04-13 15:49:17,done
https://www.tiktok.com/@lj.777_/video/7598374957470551351,lj.777_,2000s yoga mom aesthetic #yoga #pilates #2000s #fyp #aura ,3451,8,0.0,2026-5-79,,False,False,False,False,False,False,"['yoga', 'pilates', '2000s', 'fyp', 'aura']",2026-04-13 15:49:24,done
https://www.tiktok.com/@theepiscespixie/video/7626462785588694302,theepiscespixie,"i think i need to do this to ALL my sweats 🪷🧘🏾‍♀️🤍

#zen #2000sfashion #yoga #2000syogaaesthetic #2000s ",40,2,0.0,2026-6-79,,False,False,False,False,False,False,"['zen', '2000sfashion', 'yoga', '2000syogaaesthetic', '2000s']",2026-04-13 15:49:30,done
https://www.tiktok.com/@andreanna.isabel/video/7623235353557650718,andreanna.isabel,& a 12/13 yr old girl stopped me to say how pretty i am !!??!??? #peaking,19,0,0.0,2026-6-79,,False,False,False,False,False,False,['peaking'],2026-04-13 15:49:35,done
https://www.tiktok.com/@xpeicx/video/7602241291623337218,xpeicx,2000s yoga mom aesthetic|| it always smelt like in sense in there|| #fyp #2000s #yoga #nostalgie #pintrest ,264,2,0.0,2026-6-79,,False,False,False,False,False,False,"['fyp', '2000s', 'yoga', 'nostalgie', 'pintrest']",2026-04-13 15:49:40,done
https://www.tiktok.com/@valoriemarch/video/7624550312161987862,valoriemarch,Yoga 🧘‍♀️ #zen #yogaaesthetic #yoga #2000s #y2k ,30,0,0.0,2026-6-79,,False,False,False,False,False,False,"['zen', 'yogaaesthetic', 'yoga', '2000s', 'y2k']",2026-04-13 15:49:46,done
https://www.tiktok.com/@lushdo11/video/7625884666343542029,lushdo11,2000s yoga instructor🥒🍵🥥#fyp #blowupovernight #2000s #2000syogaaesthetic #spiritualbaddie ,5356,8,0.0,2025-11-11,,False,True,False,False,False,False,"['fyp', 'blowupovernight', '2000s', '2000syogaaesthetic', 'spiritualbaddie']",2026-04-13 15:49:52,done
https://www.tiktok.com/@haileys._.comet/video/7622843079875235085,haileys._.comet,"I love this aesthetic but no clue what it would be called🪷

#aesthetics #2000syogaaesthetic #zen #frutiger #2000s ",128199,1028,0.0,2026-6-79,,False,False,False,False,False,False,"['aesthetics', '2000syogaaesthetic', 'zen', 'frutiger', '2000s']",2026-04-13 15:49:58,done
https://www.tiktok.com/@inspoacc1025/video/7603843299543158038,inspoacc1025,#2000syogamom #relateable #pinterest #fyp #moodboardaesthetic ,900,7,0.0,2026-6-79,,False,False,False,False,False,False,"['2000syogamom', 'relateable', 'pinterest', 'fyp', 'moodboardaesthetic']",2026-04-13 15:50:04,done
https://www.tiktok.com/@richitgirlss/video/7601341945788599574,richitgirlss,#2000s #yoga #hawaii #vibe #targetaudience ,723,2,0.0,2025-8-30,,False,False,False,False,False,False,"['2000s', 'yoga', 'hawaii', 'vibe', 'targetaudience']",2026-04-13 15:50:10,done
https://www.tiktok.com/@i.luv.elliottsmith/video/7593990712073424158,i.luv.elliottsmith,2026 is our year baby i can feel it           #zenx #yoga #90s #aesthetic #2000s ,4015,5,0.0,2025-11-17,,False,False,False,False,False,False,"['zenx', 'yoga', '90s', 'aesthetic', '2000s']",2026-04-13 15:50:15,done
https://www.tiktok.com/@secretuser8888_/video/7624995847192825118,secretuser8888_,Yoga #cyan#calm#2000s#yoga#pink ,158,6,0.0,2026-6-79,,False,False,False,False,False,False,"['cyan', 'calm', '2000s', 'yoga', 'pink']",2026-04-13 15:50:20,done
https://www.tiktok.com/@giannalovestoread/video/7622821328432729357,giannalovestoread,#gabriellesolis #2000syogaaesthetic #hibiscuskimono #yogaflow #yogamom ,2855,1,0.0,2026-6-79,,False,False,False,False,False,False,"['gabriellesolis', '2000syogaaesthetic', 'hibiscuskimono', 'yogaflow', 'yogamom']",2026-04-13 15:50:27,done
https://www.tiktok.com/@lilians_inspo/video/7611284925274311939,lilians_inspo,#moodboardaesthetic #yoga #2000s ,462,5,0.0,2026-6-79,,False,False,False,False,False,False,"['moodboardaesthetic', 'yoga', '2000s']",2026-04-13 15:50:34,done
https://www.tiktok.com/@godhelpthefashion/video/7613870688092392725,godhelpthefashion,"In loove with this aesthetic lately 🧘🏻‍♀️🫐💞🪷🦋
.
.
.
#2000syoga #2000syogaaesthetic #y2kyoga #yogaoutfits #yogamom",48,0,0.0,2026-6-79,,False,False,False,False,False,False,"['2000syoga', '2000syogaaesthetic', 'y2kyoga', 'yogaoutfits', 'yogamom']",2026-04-13 15:50:40,done
https://www.tiktok.com/@enilexys/video/7610574068315688206,enilexys,Be the energy you want to attract #moodboard #aesthetic #yoga #2000 #fyp @🍥 @🪷 ,10800,19,0.0,2026-6-79,,False,False,False,False,False,False,"['moodboard', 'aesthetic', 'yoga', '2000', 'fyp']",2026-04-13 15:50:47,done
https://www.tiktok.com/@ritirayna/video/7600923785583168782,ritirayna,I’ve tried all the workouts and truly Pilates is the worst pain of all 😌🩰 #pilatesworkout #pilateswithizzy #matpilates #whimsy #2000syogaaesthetic ,576,13,0.0,2026-6-79,,False,False,False,False,False,False,"['pilatesworkout', 'pilateswithizzy', 'matpilates', 'whimsy', '2000syogaaesthetic']",2026-04-13 15:50:52,done
https://www.tiktok.com/@villertex/video/7627712325998398750,villertex,let's bring back 2000s yoga🪷🫧🌴#yoga #2000s #fyp #viral #aesthetic ,1237,2,0.0,2026-6-79,,False,False,False,False,False,False,"['yoga', '2000s', 'fyp', 'viral', 'aesthetic']",2026-04-13 15:50:59,done
https://www.tiktok.com/@aesthetic_yoga/video/6785603883801562374,aesthetic_yoga,Hope u like it @cute.princess21 💖🥰,1,0,0.0,2020-1-24,,False,False,False,False,False,False,[],2026-04-13 15:51:05,done
https://www.tiktok.com/@macijaye1111/video/7621021162583117063,macijaye1111,Living above a yoga studio>>> #2000syogamom #yogamom #yogagirl #fyp #boho ,1009,15,0.0,2025-11-10,,False,False,False,False,False,False,"['2000syogamom', 'yogamom', 'yogagirl', 'fyp', 'boho']",2026-04-13 15:51:10,done
https://www.tiktok.com/@tealmoonlight/video/7620528679755533581,tealmoonlight,🌿🧞‍♀️ #2000syogaaesthetic #visionboard #purple #spirituality #wellnessaesthetic ,584,3,0.0,2026-6-79,,False,False,False,False,False,False,"['2000syogaaesthetic', 'visionboard', 'purple', 'spirituality', 'wellnessaesthetic']",2026-04-13 15:51:16,done
https://www.tiktok.com/@fashion_swan/video/7601173879780052254,fashion_swan,вайб инструктора йоги в 2000х #yoga #yogaaesthetic #2000syoga ,61,0,0.0,2026-6-79,,False,False,False,False,False,False,"['yoga', 'yogaaesthetic', '2000syoga']",2026-04-13 15:51:23,done
https://www.tiktok.com/@lkknsj/video/7600906908760804630,lkknsj,bring back the 2000s yoga aesthetic #2000s #yoga #2000saesthetic #fyp #foryou ,703,0,0.0,2025-8-14,,False,False,False,False,False,False,"['2000s', 'yoga', '2000saesthetic', 'fyp', 'foryou']",2026-04-13 15:51:30,done
https://www.tiktok.com/@schiieverything/video/7626718801219915030,schiieverything,"i love this i love this 

#yoga #2000 #aestheticvideos ",106,5,0.0,2026-6-79,,False,False,False,False,False,False,"['yoga', '2000', 'aestheticvideos']",2026-04-13 15:51:35,done
https://www.tiktok.com/@annanas_0819/video/7578591839943527688,annanas_0819,Wellness #aesthetic #targetaudience #2000s #2000sthrowback #yogaaesthetic ,6243,5,0.0,2025-11-30,,False,False,False,False,False,False,"['aesthetic', 'targetaudience', '2000s', '2000sthrowback', 'yogaaesthetic']",2026-04-13 15:51:40,done
https://www.tiktok.com/@pinkelmtree/video/7601623150627015958,pinkelmtree,I’m obsessed with yoga pants 🧘‍♀️ #yogapants #2000syogaaesthetic #yogaaesthetic ,4255,7,0.0,2026-6-79,,False,False,False,False,False,False,"['yogapants', '2000syogaaesthetic', 'yogaaesthetic']",2026-04-13 15:51:45,done
https://www.tiktok.com/@ari.atorrr/video/7600081419645275423,ari.atorrr,in another life im an early 2000’s yoga instructor #yoga #2000s #tuscan #foryoupage ,14900,29,0.0,2026-6-79,,False,False,False,False,False,False,"['yoga', '2000s', 'tuscan', 'foryoupage']",2026-04-13 15:51:50,done
https://www.tiktok.com/@chaneluvxo/video/7625392369545825558,chaneluvxo,#aesthetic #2000s #mood #girltok #niche ,209,1,0.0,2026-6-79,,False,False,False,False,False,False,"['aesthetic', '2000s', 'mood', 'girltok', 'niche']",2026-04-13 15:51:56,done
https://www.tiktok.com/@kynleigh_eggan/video/7619431016431717662,kynleigh_eggan,yoga mom aesthetic #fyp #foryoupage #yogamomaesthetic #2000s #vibe ,34,1,0.0,2025-10-15,,False,False,False,False,False,False,"['fyp', 'foryoupage', 'yogamomaesthetic', '2000s', 'vibe']",2026-04-13 15:52:01,done
https://www.tiktok.com/@nicole_brink_/video/7619856886363360542,nicole_brink_,🪷✨ #ootd #yoga #yogapants #yogaposes #2000s,7143,45,0.0,2026-6-79,,False,False,False,False,False,False,"['ootd', 'yoga', 'yogapants', 'yogaposes', '2000s']",2026-04-13 15:52:07,done
https://www.tiktok.com/@monster_dollie20/video/7613040174624230663,monster_dollie20,2000s yoga mom aesthetic #foryou #tiktokviral #arizona ,22,0,0.0,2026-6-79,,False,False,False,False,False,False,"['foryou', 'tiktokviral', 'arizona']",2026-04-13 15:52:12,done
https://www.tiktok.com/@user642685730/video/7610101061277224206,user642685730,#yogamom #2000syogaaesthetic #wellnessaesthetic #pinterest #pinterestaesthetic ,11800,18,0.0,2026-6-79,,False,False,False,False,False,False,"['yogamom', '2000syogaaesthetic', 'wellnessaesthetic', 'pinterest', 'pinterestaesthetic']",2026-04-13 15:52:18,done
https://www.tiktok.com/@oxbunyiesxo/video/7627869011077877014,oxbunyiesxo,#tuscan#yoga#aesthetic#fyp#2000s,272,0,0.0,2026-6-79,,False,False,False,False,False,False,"['tuscan', 'yoga', 'aesthetic', 'fyp', '2000s']",2026-04-13 15:52:23,done
https://www.tiktok.com/@cokeprincesa/video/7606439056485944590,cokeprincesa,"🪷

#2000syogaaesthetic #2000swellness #targetaudience #pinterest #2000syogainstructor ",769,5,0.0,2026-6-79,,False,False,False,False,False,False,"['2000syogaaesthetic', '2000swellness', 'targetaudience', 'pinterest', '2000syogainstructor']",2026-04-13 15:52:29,done
https://www.tiktok.com/@pinkfluffyunicorin/video/7606408653876301069,pinkfluffyunicorin,#yoga#yogi#yogaaesthetic#foryoupage#fyp,72800,60,0.0,2026-6-79,,False,False,False,False,False,False,"['yoga', 'yogi', 'yogaaesthetic', 'foryoupage', 'fyp']",2026-04-13 15:52:35,done
https://www.tiktok.com/@user642371/video/7618721990618254614,user642371,i don’t know what this vibe is but it’s me yall #moodboard #asthetic #repost #2000s #cozygirl ,4007,9,0.0,2026-6-79,,False,False,False,False,False,False,"['moodboard', 'asthetic', 'repost', '2000s', 'cozygirl']",2026-04-13 15:52:41,done
https://www.tiktok.com/@y2k.josephine/video/7622027426696154398,y2k.josephine,"yoga+cute outfit=🧘‍♀️
 #yoga #yogaoutfit #yogainspiration #moodboard  #2000syogaaesthetic ",105,2,0.0,2026-6-79,,False,False,False,False,False,False,"['yoga', 'yogaoutfit', 'yogainspiration', 'moodboard', '2000syogaaesthetic']",2026-04-13 15:52:48,done
https://www.tiktok.com/@endocrinedisrupter/video/7620476161197395230,endocrinedisrupter,🧘🏼‍♀️🧘🏼‍♀️🧘🏼‍♀️#fyp #headphoneson #addisonrae #yoga #peace ,2536,2,0.0,2026-6-79,,False,True,False,False,False,False,"['fyp', 'headphoneson', 'addisonrae', 'yoga', 'peace']",2026-04-13 15:52:54,done
https://www.tiktok.com/@lllastgirlonearth/video/7600814963157912854,lllastgirlonearth,im tryinggg so hard to stop pretending its autumn it’s an issue #2000s #foryoupage #yoga #yogainstructor #aesthetic,5621,12,0.0,2026-6-79,,False,False,False,False,False,False,"['2000s', 'foryoupage', 'yoga', 'yogainstructor', 'aesthetic']",2026-04-13 15:53:00,done
https://www.tiktok.com/@kylieonset/video/7622817151786716429,kylieonset,from the drafts 😚✨ dc: @sinai_rose  #80s #dancetok #y2kaesthetic #80svibes #dancer ,472900,1112,0.0,2026-6-79,,False,False,False,False,False,False,"['80s', 'dancetok', 'y2kaesthetic', '80svibes', 'dancer']",2026-04-13 15:53:06,done
https://www.tiktok.com/@nicoles.runway/video/7617875240214990110,nicoles.runway,2000s zen spa aesthetic 🫧 #2000snostalgia #2000szen #yoga #spa #2000saesthetic ,5913,17,0.0,2026-6-79,,False,False,False,False,False,False,"['2000snostalgia', '2000szen', 'yoga', 'spa', '2000saesthetic']",2026-04-13 15:53:12,done
https://www.tiktok.com/@user9754209/video/7612364108826004769,user9754209,2000s yoga aesthetic🍵#yoga #2000s #fypp #meditation#pinterest ,28800,54,0.0,2026-6-79,,False,False,False,False,False,False,"['yoga', '2000s', 'fypp', 'meditation', 'pinterest']",2026-04-13 15:53:17,done
https://www.tiktok.com/@kayasbooks/video/7598765667319352631,kayasbooks,2000s yoga instructor was me in another life #aesthetic #yogainstructor #2000s #fyp #yoga ,71700,116,0.0,2026-6-79,,False,False,False,False,False,False,"['aesthetic', 'yogainstructor', '2000s', 'fyp', 'yoga']",2026-04-13 15:53:22,done
https://www.tiktok.com/@londongirlys123/video/7617441341005516054,londongirlys123,#yoga #2000syoga #yogainstructor #2000syogaaesthetic #2000syogamom ,680,0,0.0,2026-6-79,,False,False,False,False,False,False,"['yoga', '2000syoga', 'yogainstructor', '2000syogaaesthetic', '2000syogamom']",2026-04-13 15:53:27,done
https://www.tiktok.com/@londongirlys123/video/7620559410691198230,londongirlys123,#yoga #2000syoga #2000syogaaesthetic #headstand #nature ,277,2,0.0,2026-6-79,,False,True,False,False,False,False,"['yoga', '2000syoga', '2000syogaaesthetic', 'headstand', 'nature']",2026-04-13 15:53:33,done
https://www.tiktok.com/@cinnamon444girl/video/7623472044922981662,cinnamon444girl,summer vibes 🌺 #y2k #2000s #zen #yoga #aesthetic ,30,0,0.0,2023-10-9,,False,False,False,False,False,False,"['y2k', '2000s', 'zen', 'yoga', 'aesthetic']",2026-04-13 15:53:38,done
https://www.tiktok.com/@whimsyahhh/video/7590070884933569805,whimsyahhh,let’s go girls #fyp#2026#yoga#y2k#aesthetic,852,1,0.0,2025-12-31,,False,False,False,False,False,False,"['fyp', '2026', 'yoga', 'y2k', 'aesthetic']",2026-04-13 15:53:44,done
https://www.tiktok.com/@mileywithay/video/7607529988635528461,mileywithay,The archives 😅 #fyppppppppppppppppppppppp #viral #2000sthrowbacks #2000saesthetic ,121700,109,0.0,2026-6-79,,False,False,False,False,False,False,"['fyppppppppppppppppppppppp', 'viral', '2000sthrowbacks', '2000saesthetic']",2026-04-13 15:53:49,done
https://www.tiktok.com/@mmorganashlee/video/7611365288428195086,mmorganashlee,That 2000s yoga mom aesthetic has infiltrated my life 🧘🏼‍♀️ literally me at my CORE #2000s #2000syogamom #yoga #yogaaesthetic #pinterestaesthetic ,95,2,0.0,2026-6-79,,False,False,False,False,False,False,"['2000s', '2000syogamom', 'yoga', 'yogaaesthetic', 'pinterestaesthetic']",2026-04-13 15:53:56,done
https://www.tiktok.com/@.luvmayyy/video/7627023210277506318,.luvmayyy,#2000s #fyp #aesthetic #yoga ,1092,0,0.0,2026-6-79,,False,False,False,False,False,False,"['2000s', 'fyp', 'aesthetic', 'yoga']",2026-04-13 15:54:01,done
https://www.tiktok.com/@2000scoolmom/video/7559713099431922962,2000scoolmom,rich pilates yoga zen 2000s mom 🧘🏼‍♀️ #2000s #pilates #yoga #fall #nostalgic ,84900,302,0.0,2025-10-10,,False,False,False,False,False,False,"['2000s', 'pilates', 'yoga', 'fall', 'nostalgic']",2026-04-13 15:54:06,done
https://www.tiktok.com/@d4rkzera/video/7597261455917894933,d4rkzera,"precisava fazer esse, td com chá #fyppppppppppppppppppppppp #yogagirl #y2kaesthetic #zen ",744,21,0.0,2026-6-79,,False,False,False,False,False,False,"['fyppppppppppppppppppppppp', 'yogagirl', 'y2kaesthetic', 'zen']",2026-04-13 15:54:11,done
https://www.tiktok.com/@cokeprincesa/video/7601334395349273887,cokeprincesa,"🪷🌴

#2000srichmom #2000syogamom #2000swellnessaesthetic #pinterest #2000s ",106000,288,0.0,2026-6-79,,False,False,False,False,False,False,"['2000srichmom', '2000syogamom', '2000swellnessaesthetic', 'pinterest', '2000s']",2026-04-13 15:54:17,done
https://www.tiktok.com/@clementisac/video/7616915768927636766,clementisac,2000s yoga clothes…why would we not want to go back to the cotton basics? 🥥🌱,513,0,0.0,2026-5-79,,False,False,False,False,False,False,"['yoga', '2000snostalgia', 'yogamom', 'aesthetic', 'pinterest']",2026-04-13 15:54:24,done
https://www.tiktok.com/@tatteredkiss/video/7623389075516460290,tatteredkiss,i want to do yoga sooo bad #yoga #2000s #pinterestaesthetic #viral #foryoupage healthy lifestyle blow up health ,1106,0,0.0,2026-6-79,,False,True,False,False,False,False,"['yoga', '2000s', 'pinterestaesthetic', 'viral', 'foryoupage']",2026-04-13 15:54:29,done
https://www.tiktok.com/@sugarblushera/video/7617877207586835733,sugarblushera,🪷🪷🪷#yogagirl#2000s#2000syogaaesthetic#fypage ,13,1,0.0,2026-6-79,,False,False,False,False,False,False,"['yogagirl', '2000s', '2000syogaaesthetic', 'fypage']",2026-04-13 15:54:34,done
https://www.tiktok.com/@nikolya121/video/7624171719464455454,nikolya121,хочу 🪷#моямечтакотораяксожалениюникогданеисполнится #эстетикайогимамы2000годов #2000saesthetic #yogamom #мечта ,1602,9,0.0,2026-6-79,,False,False,False,False,False,False,"['%D0%BC%D0%BE%D1%8F%D0%BC%D0%B5%D1%87%D1%82%D0%B0%D0%BA%D0%BE%D1%82%D0%BE%D1%80%D0%B0%D1%8F%D0%BA%D1%81%D0%BE%D0%B6%D0%B0%D0%BB%D0%B5%D0%BD%D0%B8%D1%8E%D0%BD%D0%B8%D0%BA%D0%BE%D0%B3%D0%B4%D0%B0%D0%BD%D0%B5%D0%B8%D1%81%D0%BF%D0%BE%D0%BB%D0%BD%D0%B8%D1%82%D1%81%D1%8F', '%D1%8D%D1%81%D1%82%D0%B5%D1%82%D0%B8%D0%BA%D0%B0%D0%B9%D0%BE%D0%B3%D0%B8%D0%BC%D0%B0%D0%BC%D1%8B2000%D0%B3%D0%BE%D0%B4%D0%BE%D0%B2', '2000saesthetic', 'yogamom', '%D0%BC%D0%B5%D1%87%D1%82%D0%B0']",2026-04-13 15:54:42,done
https://www.tiktok.com/@moodboards78/video/7625750962178772237,moodboards78,2000s yoga mom aesthetic #aesthetic #2000s #fypシ #viral ,227,1,0.0,2025-4-12,,False,False,False,False,False,False,"['aesthetic', '2000s', 'fyp%E3%82%B7', 'viral']",2026-04-13 15:54:47,done
https://www.tiktok.com/@swam1d/video/7625323980307696904,swam1d,#yogamom #2000s #yogapose #aesthetic #рекомендации ,192,0,0.0,2025-7-15,,False,False,False,False,False,False,"['yogamom', '2000s', 'yogapose', 'aesthetic', '%D1%80%D0%B5%D0%BA%D0%BE%D0%BC%D0%B5%D0%BD%D0%B4%D0%B0%D1%86%D0%B8%D0%B8']",2026-04-13 15:54:52,done
https://www.tiktok.com/@prettypri02/video/7623632910737755422,prettypri02,"I rarely do yoga, but I like this aesthetic.
🧘🏽‍♀️🪷🩷🎀

#2000syogaaesthetic #yogapose #2000saesthetic #pinkprincess #girlygirl ",74,1,0.0,2026-6-79,,False,False,False,False,False,False,"['2000syogaaesthetic', 'yogapose', '2000saesthetic', 'pinkprincess', 'girlygirl']",2026-04-13 15:54:59,done
https://www.tiktok.com/@huqtyneverend/video/7608225959531072786,huqtyneverend,2000s yoga aesthetic 🧘‍♀️🪐🫧 #2000s #yoga #pilates #icons #relatable ,3229,5,0.0,2026-6-79,,False,False,False,False,False,False,"['2000s', 'yoga', 'pilates', 'icons', 'relatable']",2026-04-13 15:55:05,done
https://www.tiktok.com/@softy2k/video/7592518694052351245,softy2k,2000’s style #2000soutfits #2000svibes #aesthetics #y2k ,69100,554,0.0,2026-6-79,,False,False,False,False,False,False,"['2000soutfits', '2000svibes', 'aesthetics', 'y2k', 'y2kstyle']",2026-04-13 15:55:11,done
https://www.tiktok.com/@biminash/video/7619924683433004301,biminash,"my fav base  ‧₊˚ 🪷 . 𓂃

#2000syogaaesthetic #zenaesthetic #lotusflower #tiger #insence ",7293,31,0.0,2026-6-79,,False,False,False,False,False,False,"['2000syogaaesthetic', 'zenaesthetic', 'lotusflower', 'tiger', 'insence']",2026-04-13 15:55:18,done
https://www.tiktok.com/@taoxinhnhattikto_k/video/7614815199316544775,taoxinhnhattikto_k,"2000s🧘‍♀️🪷🎍(ib:me)
Cai nay goi sao vay a?#2000syogaaesthetic #2000s🧘‍♀️🪷#fyp #viral ",83,2,0.0,2025-9-16,,False,False,False,False,False,False,"['2000syogaaesthetic', '2000s%F0%9F%A7%98%E2%80%8D%E2%99%80%EF%B8%8F', 'fyp', 'viral']",2026-04-13 15:55:23,done
https://www.tiktok.com/@anne_glory/video/7600448935966035255,anne_glory,2000s yoga instructor aesthetic #yoga #aesthetic #fyp #outfitinspo #fyp ,526,1,0.0,2025-5-1,,False,False,False,False,False,False,"['yoga', 'aesthetic', 'fyp', 'outfitinspo']",2026-04-13 15:55:27,done
https://www.tiktok.com/@jenevanoemi/video/7603262594987592973,jenevanoemi,linked in my amazn sf in my bio!🤍 #2000s #amazonfinds #yogaaesthetic #athleisure #y2kathlesuire ,72,1,0.0,2026-6-79,,False,False,False,False,False,False,"['2000s', 'amazonfinds', 'yogaaesthetic', 'athleisure', 'y2kathlesuire']",2026-04-13 15:55:34,done
https://www.tiktok.com/@tumblrgirl00/video/7620579873488129287,tumblrgirl00,"2000s yoga mom aesthetic🪷

video: @presentgumdrop

#2000s #y2k #yoga  #aesthetic
#creatorsearchinsights ",127,10,0.0,2026-6-79,,False,False,False,False,False,False,"['2000s', 'y2k', 'yoga', 'aesthetic', 'creatorsearchinsights']",2026-04-13 15:55:39,done
https://www.tiktok.com/@monkeymonkeyunderpantsz/video/7606037100730813726,monkeymonkeyunderpantsz,w/ a messy room 😬😬#pinterest #yoga #2000saesthetic #fypシ #spam ,350,13,0.0,2025-9-18,,False,False,False,False,False,False,"['pinterest', 'yoga', '2000saesthetic', 'fyp%E3%82%B7', 'spam']",2026-04-13 15:55:46,done
https://www.tiktok.com/@christinadamevska/video/7613955940391439623,christinadamevska,gabby solis era incoming lol 🌿🩷#pilatesinstructor #yoga #yogamom #vintageactivewear #y2kaesthetic ,39,6,0.0,2025-7-8,,False,False,False,False,False,False,"['pilatesinstructor', 'yoga', 'yogamom', 'vintageactivewear', 'y2kaesthetic']",2026-04-13 15:55:51,done
https://www.tiktok.com/@user1843420/video/7603193823556111646,user1843420,#2000s #yoga #zenx #moodboard #fyp ,649,7,0.0,2026-6-79,,False,False,False,False,False,False,"['2000s', 'yoga', 'zenx', 'moodboard', 'fyp']",2026-04-13 15:55:58,done
https://www.tiktok.com/@heatherwinds/video/7625393847404612872,heatherwinds,🪷🍵🧘🏽‍♀️🌬️#2000swellnessaesthetic #2000swellness #spiritual #yoga #wellnesslifestyle ,66,3,0.0,2023-11-4,,False,False,False,False,False,False,"['2000swellnessaesthetic', '2000swellness', 'spiritual', 'yoga', 'wellnesslifestyle']",2026-04-13 15:56:03,done
https://www.tiktok.com/@prettyprincesssweets/video/7598407433643429134,prettyprincesssweets,"2000s yoga instructor core 🪷🍵
#early2000s #yoga #moodboard #zen #2000saesthetic ",35800,107,0.0,2026-6-79,,False,False,False,False,False,False,"['early2000s', 'yoga', 'moodboard', 'zen', '2000saesthetic']",2026-04-13 15:56:09,done
https://www.tiktok.com/@dearpier/video/7600253405856107806,dearpier,"2000s yoga mom aesthetic definitely is ruled by Pisces 🧘🏽‍♀️🍵🪷🫧

#zenx #2000s #moodboards #yogaaesthetic #pisces ",53200,211,0.0,2026-6-79,,False,False,False,False,False,False,"['zenx', '2000s', 'moodboards', 'yogaaesthetic', 'pisces']",2026-04-13 15:56:15,done
https://www.tiktok.com/@uhfashionvlogs.cosmos/video/7600555529726856478,uhfashionvlogs.cosmos,i love the 2000s yoga instructor aesthetic atm!! #y2k #yogaaesthetic #fashion #style #foryourepage ,900,4,0.0,2026-6-79,,False,False,False,False,False,False,"['y2k', 'yogaaesthetic', 'fashion', 'style', 'foryourepage']",2026-04-13 15:56:20,done
https://www.tiktok.com/@maryannew_/video/7619706635593796867,maryannew_,"Follow for more outfit inspiration! 

#capris #yogateacher #2000sfashion #2000syogamomaesthetic #2000sstyle ",1783,5,0.0,2026-6-79,,False,False,False,False,False,False,"['capris', 'yogateacher', '2000sfashion', '2000syogamomaesthetic', '2000sstyle']",2026-04-13 15:56:27,done
https://www.tiktok.com/@adoreseviee/video/7619819512745217283,adoreseviee,#yoga #2000s #yogamom ,3285,12,0.0,2025-6-27,,False,False,False,False,False,False,"['yoga', '2000s', 'yogamom']",2026-04-13 15:56:32,done
https://www.tiktok.com/@.talknerdy2me/video/7607507603589008662,.talknerdy2me,the spiritual 2000s yoga aesthetic i dream to achieve #pinterest #yoga #spiritual #spirituality #yogaaesthetic 2000s yoga mom aesthetic lotus flower stretching grounding yoga flow inner work fyp foryou moodboard cocteau twins,1068,4,0.0,2025-10-28,,False,False,False,False,False,False,"['pinterest', 'yoga', 'spiritual', 'spirituality', 'yogaaesthetic']",2026-04-13 15:56:37,done
https://www.tiktok.com/@iamelviamunoz/video/7619433896731577630,iamelviamunoz,"Just a latina from the 90s #latinafashion #latinaoutfits #y2kaesthetic #yoga
#2000syogaaesthetic",98,8,0.0,2026-6-79,,False,False,False,False,False,False,"['latinafashion', 'latinaoutfits', 'y2kaesthetic', 'yoga', '2000syogaaesthetic']",2026-04-13 15:56:42,done
https://www.tiktok.com/@snoopyluvr4444/video/7602275290240273719,snoopyluvr4444,"🧘‍♀️🧘‍♀️🧘‍♀️

#wellness #2000syogaaesthetic #2000syogamom #yogi #spiritual ",554,1,0.0,2026-6-79,,False,False,False,False,False,False,"['wellness', '2000syogaaesthetic', '2000syogamom', 'yogi', 'spiritual']",2026-04-13 15:56:48,done
https://www.tiktok.com/@sophialoves.soup/video/7618758882076265742,sophialoves.soup,i am her to my core 🌞my mom was a yoga baddie tho 😜😜#2000syogamom #yoga #2000saesthetic ,39900,50,0.0,2026-6-79,,False,True,False,False,False,False,"['2000syogamom', 'yoga', '2000saesthetic']",2026-04-13 15:56:55,done
https://www.tiktok.com/@ja114421/video/7620486884837330198,ja114421,#gorun#pourtoi#fyp#viral,106,0,0.0,2026-6-79,,False,False,False,False,False,False,"['gorun', 'pourtoi', 'fyp', 'viral']",2026-04-13 15:57:01,done
https://www.tiktok.com/@gib.gab4/video/7624211730406690078,gib.gab4,This is mid 20s #yogagirls #y2k #burnout #mid20s #2000syogaaesthetic ,183,4,0.0,2026-6-79,,False,False,False,False,False,False,"['yogagirls', 'y2k', 'burnout', 'mid20s', '2000syogaaesthetic']",2026-04-13 15:57:07,done
https://www.tiktok.com/@kyla.summer/video/7623846543321206047,kyla.summer,ummm wow okay 🪷 #yogamat #haul #yoga #yogaaesthetic #2000s ,32600,136,0.0,2026-6-79,,False,False,False,False,False,False,"['yogamat', 'haul', 'yoga', 'yogaaesthetic', '2000s']",2026-04-13 15:57:13,done
https://www.tiktok.com/@blankasinspo/video/7608703212257889558,blankasinspo,"yoga instructor aesthetic 🪷 
#yoga #yogainstructor #2000s #pinterest #foryoupagе ",412,2,0.0,2025-12-30,,False,False,False,False,False,False,"['yoga', 'yogainstructor', '2000s', 'pinterest', 'foryoupag%D0%B5']",2026-04-13 15:57:19,done
https://www.tiktok.com/@lilstaryuh2.0/video/7596707093936377090,lilstaryuh2.0,DEADSTOCK BRAZILIAN Y2K ATHLETIC WEAR???? girl my wellness journey starts NOW! #2000s #zen #yogaaesthetic #athleisure #y2kathlesuire ,447300,1437,0.0,2025-7-30,,False,True,False,False,False,False,"['2000s', 'zen', 'yogaaesthetic', 'athleisure', 'y2kathlesuire']",2026-04-13 15:57:25,done
https://www.tiktok.com/@pinkfrostingcutie/video/7622836227766521118,pinkfrostingcutie,"I love the 2000s yoga aesthetic omg
#2000s #fyp #trending #viral #fy ",322,3,0.0,2026-6-79,,False,False,False,False,False,False,"['2000s', 'fyp', 'trending', 'viral', 'fy']",2026-04-13 15:57:30,done
https://www.tiktok.com/@suspicious.m1nds/video/7620853749011025174,suspicious.m1nds,I’ve been obsessing over this yoga aesthetic recently 🧘🏻‍♀️ #fyp #foryoupage #yoga #zen #2000s ,2470,14,0.0,2025-10-28,,False,False,False,False,False,False,"['fyp', 'foryoupage', 'yoga', 'zen', '2000s']",2026-04-13 15:57:35,done
https://www.tiktok.com/@xo.hazygirl/video/7619712878261587222,xo.hazygirl,y2k yoga aesthetic 🍵🌞🪷 #yoga #2000s #fashion #moodboard #summer  ,1891,14,0.0,2025-7-4,,False,False,False,False,False,False,"['yoga', '2000s', 'fashion', 'moodboard', 'summer']",2026-04-13 15:57:41,done
https://www.tiktok.com/@thisishowto.disappear/video/7597196153549098261,thisishowto.disappear,"2000s yoga aesthetic 💚
#fyp #2000s #y2k #moodboard #trend ",616,7,0.0,2026-6-79,,False,False,False,False,False,False,"['fyp', '2000s', 'y2k', 'moodboard', 'trend']",2026-04-13 15:57:47,done
https://www.tiktok.com/@yourfavyorker/video/7608225013262535949,yourfavyorker,locking tf in. 🪷🧘‍♀️ #yoga #2000s #mindset #lockedin #aesthetic ,21800,22,0.0,2026-6-79,,False,False,False,False,False,False,"['yoga', '2000s', 'mindset', 'lockedin', 'aesthetic']",2026-04-13 15:57:52,done
https://www.tiktok.com/@se_lennne/video/7571040619838197048,se_lennne,🧘‍♀️ #2000syogaaesthetic #wellnesslifestyle #2000smomcore #gabriellesolis ,603,7,0.0,2025-11-10,,False,False,False,False,False,False,"['2000syogaaesthetic', 'wellnesslifestyle', '2000smomcore', 'gabriellesolis']",2026-04-13 15:57:58,done
https://www.tiktok.com/@zmazzy/video/7600338774807039263,zmazzy,"Finding my zen brb 🧘🏼‍♀️🪷✨🌳
#2000syogaaesthetic #zen #japanesegarden #fyp ",420,3,0.0,2026-6-79,,False,False,False,False,False,False,"['2000syogaaesthetic', 'zen', 'japanesegarden', 'fyp']",2026-04-13 15:58:05,done
https://www.tiktok.com/@wiyoremi/video/7623067155021516040,wiyoremi,#meditation  🧘🏻‍♀️  #2000syogaaesthetic  #fyp  #elbruso   #wiyoremi ,63,0,0.0,2026-6-79,,False,False,False,False,False,False,"['meditation', '2000syogaaesthetic', 'fyp', 'elbruso', 'wiyoremi']",2026-04-13 15:58:10,done
https://www.tiktok.com/@mebekora/video/7618309797728832789,mebekora,the life i’m supposed to live🧘‍♀️  #yoga #zen #2000s #moodboardaesthetic #pinterestmoodboard ,608,0,0.0,2026-6-79,,False,False,False,False,False,False,"['yoga', 'zen', '2000s', 'moodboardaesthetic', 'pinterestmoodboard']",2026-04-13 15:58:16,done
https://www.tiktok.com/@alaina.p07/video/7626044485138418975,alaina.p07,So excited!!! #2000syoga #scents #2000syogaaesthetic #perfume #2000s,763,32,0.0,2026-6-79,,False,False,False,False,False,False,"['2000syoga', 'scents', '2000syogaaesthetic', 'perfume', '2000s']",2026-04-13 15:58:22,done
https://www.tiktok.com/@bluelizard.com/video/7624190853304569118,bluelizard.com,"slow mornings, soft stretches, and a little peace 🤍

Spiral Studio ",349,3,0.0,2026-6-79,,False,False,False,False,False,False,[],2026-04-13 15:58:29,done
https://www.tiktok.com/@zoeklima_/video/7622902125231754516,zoeklima_,early 2000s yoga mum aesthetic unlocked 🪷🙏🏻 #2000syogamom #early2000s #yoga #90s #nostalgic ,94,1,0.0,2026-6-79,,False,False,False,False,False,False,"['2000syogamom', 'early2000s', 'yoga', '90s', 'nostalgic']",2026-04-13 15:58:34,done
https://www.tiktok.com/@y2k.josephine/video/7602383314590240030,y2k.josephine,Channeling my inner 2000s yoga mom #yoga #yogaaesthetic #sportychic #2000s #outfitinspo,114,3,0.0,2026-6-79,,False,False,False,False,False,False,"['yoga', 'yogaaesthetic', 'sportychic', '2000s', 'outfitinspo']",2026-04-13 15:58:40,done
https://www.tiktok.com/@cinnamondaisiess/video/7623807767366651158,cinnamondaisiess,#yoga #2000s #yogaaesthetic #spring #moodboard ,638,1,0.0,2026-6-79,,False,False,False,False,False,False,"['yoga', '2000s', 'yogaaesthetic', 'spring', 'moodboard']",2026-04-13 15:58:46,done
https://www.tiktok.com/@syd_lovespinterest/video/7620188391493111053,syd_lovespinterest,For @ﾒ𝟶 #pinterest #moodboard #2000syogaaesthetic #fyp #olabisi ,186,10,0.0,2026-6-79,,False,False,False,False,False,False,"['pinterest', 'moodboard', '2000syogaaesthetic', 'fyp', 'olabisi']",2026-04-13 15:58:51,done
https://www.tiktok.com/@xoxo._cheetah/video/7530774918452104462,xoxo._cheetah,Finally can live my 2000s life in full #aeropostale #lowrisepants #y2kyogapants #lowwaistedpants #early2000saeropostale ##thriftfind,5078,22,0.0,2025-7-24,,False,False,False,False,False,False,"['aeropostale', 'lowrisepants', 'y2kyogapants', 'lowwaistedpants', 'early2000saeropostale', 'thriftfind']",2026-04-13 15:58:56,done
https://www.tiktok.com/@nycaesthetic6/video/7606230675464752415,nycaesthetic6,2000’s zen aesthetic 🪷🪷#2000snostalgia #yoga#zenaesthetic #2000aesthetic #fyp,66000,160,0.0,2026-6-79,,False,False,False,False,False,False,"['2000snostalgia', 'yoga', 'zenaesthetic', '2000aesthetic', 'fyp']",2026-04-13 15:59:01,done
https://www.tiktok.com/@chwrrylife/video/7601976459493707039,chwrrylife,"°‧🫧 2000s zen/yoga

#aesthetic #yoga #2000sthrowback #moodboard ",53900,106,0.0,2026-6-79,,False,False,False,False,False,False,"['aesthetic', 'yoga', '2000sthrowback', 'moodboard']",2026-04-13 15:59:07,done
https://www.tiktok.com/@aesthetic_yoga/video/6785604767818190086,aesthetic_yoga,Hope u like it @cute.princess21 💖🥰,3,0,0.0,2020-1-24,,False,False,False,False,False,False,[],2026-04-13 15:59:14,done
https://www.tiktok.com/@blogkukushi/video/7622407683462761736,blogkukushi,"ох уж эта yoga mom эстетика с ностальгией по 2000-ным 💔 

#yogamom #yogavibe #inspo  #trend #makeup ",32,2,0.0,2026-6-79,,False,False,False,False,False,False,"['yogamom', 'yogavibe', 'inspo', 'trend', 'makeup']",2026-04-13 15:59:19,done
https://www.tiktok.com/@virgolovaa/video/7600487791578877206,virgolovaa,really need to get into yoga 🧘🏻‍♀️🪷#foryoupagе #pinterest #moodboard #aesthetic #2000syoga ,592,1,0.0,2026-6-79,,False,False,False,False,False,False,"['foryoupag%D0%B5', 'pinterest', 'moodboard', 'aesthetic', '2000syoga']",2026-04-13 15:59:25,done
https://www.tiktok.com/@boysoftommenisthebest/video/7617297751180692767,boysoftommenisthebest,I’m so obsessed with this aesthetic #2000syogamom #targetaudeince #perfumerecommendation #perfume #fyp ,237400,2262,0.0,2026-6-79,,False,False,False,False,False,False,"['2000syogamom', 'targetaudeince', 'perfumerecommendation', 'perfume', 'fyp']",2026-04-13 15:59:30,done
https://www.tiktok.com/@suziicarr/video/7624992642803289357,suziicarr,Protecting my peace 🦢🪷#2000syogaaesthetic #wellnesstok #softlife ,133,2,0.0,2026-6-79,,False,False,False,False,False,False,"['2000syogaaesthetic', 'wellnesstok', 'softlife']",2026-04-13 15:59:35,done
https://www.tiktok.com/@vnillachi/video/7619766659410136350,vnillachi,My take on the whole yoga instructor aesthetic #2000s #fyp #colorful #moodboard #yogainstructor ,383,1,0.0,2025-12-29,,False,False,False,False,False,False,"['2000s', 'fyp', 'colorful', 'moodboard', 'yogainstructor']",2026-04-13 15:59:41,done
https://www.tiktok.com/@sparklejumpropequeenx1/video/7626838522502106388,sparklejumpropequeenx1,#yoga #2000syogaaesthetic #healthy #nature #moodboardaesthetic ,91,1,0.0,2026-6-79,,False,False,False,False,False,False,"['yoga', '2000syogaaesthetic', 'healthy', 'nature', 'moodboardaesthetic']",2026-04-13 15:59:46,done
https://www.tiktok.com/@zen2k769/video/7626844452438461718,zen2k769,#2000syogaaesthetic#yoga  #2000s#fyp#viral ,206,0,0.0,2026-6-79,,False,False,False,False,False,False,"['2000syogaaesthetic', 'yoga', '2000s', 'fyp', 'viral']",2026-04-13 15:59:51,done
https://www.tiktok.com/@dandelionpearl/video/7626769497927601416,dandelionpearl,is this too niche #2000syoga #niche #yoga #wellness #fyp ,202,1,0.0,2026-6-79,,False,False,False,False,False,False,"['2000syoga', 'niche', 'yoga', 'wellness', 'fyp']",2026-04-13 15:59:57,done
https://www.tiktok.com/@jeg.elskerdig/video/7603556482247871774,jeg.elskerdig,2000s yoga aesthetic 🙏🙏 #yoga #meditation #pinterest #moodboard #nature ,327500,461,0.0,2026-6-79,,False,False,False,False,False,False,"['yoga', 'meditation', 'pinterest', 'moodboard', 'nature']",2026-04-13 16:00:03,done
https://www.tiktok.com/@katiesfashionjournal/video/7622011410532306178,katiesfashionjournal,#yoga #2000syoga #2000syogaaesthetic #2000s #girlblogger ,151,29,0.0,2026-6-79,,False,False,False,False,False,False,"['yoga', '2000syoga', '2000syogaaesthetic', '2000s', 'girlblogger']",2026-04-13 16:00:09,done
https://www.tiktok.com/@harley_q333/video/7621664750144965920,harley_q333,"2000s yoga
#2000s #2000sthrowback #girlblogging #yoga #spiritual ",288,0,0.0,2026-6-79,,False,False,False,False,False,False,"['2000s', '2000sthrowback', 'girlblogging', 'yoga', 'spiritual']",2026-04-13 16:00:14,done
https://www.tiktok.com/@coutureluxx/video/7615582349136334102,coutureluxx,#yogamom #yoga #2000s #fashion #aesthetic ,407,0,0.0,2026-6-79,,False,False,False,False,False,False,"['yogamom', 'yoga', '2000s', 'fashion', 'aesthetic']",2026-04-13 16:00:19,done
https://www.tiktok.com/@katiesfashionjournal/video/7626532729525505302,katiesfashionjournal,#2000s #2000syogamom #2000syogaaesthetic #girlblogger ,100,13,0.0,2026-6-79,,False,False,False,False,False,False,"['2000s', '2000syogamom', '2000syogaaesthetic', 'girlblogger']",2026-04-13 16:00:25,done
https://www.tiktok.com/@nikidemar/video/7620608263591185677,nikidemar,Dream life 🪷🧘🏼‍♀️🍃 #2000s #yoga #yogamom #nikiandgabi ,7373,45,0.0,2026-6-79,,False,False,False,False,False,False,"['2000s', 'yoga', 'yogamom', 'nikiandgabi']",2026-04-13 16:00:32,done
https://www.tiktok.com/@laniangell/video/7596031541780794637,laniangell,i aspire to be like them #2000s #yoga #yogamom #aesthetic #wellnes ,10500,37,0.0,2026-6-79,,False,False,False,False,False,False,"['2000s', 'yoga', 'yogamom', 'aesthetic', 'wellnes']",2026-04-13 16:00:39,done
https://www.tiktok.com/@jana.ptr/video/7613100241675422998,jana.ptr,"this is what my soul looks like btw 🪷🧘🏼‍♀️ #frutigeraero
#frutigerzen #frutigeraerooutfit #2000syoga #wellnessaesthetic",25800,157,0.0,2026-6-79,,False,False,False,False,False,False,"['frutigeraero', 'frutigerzen', 'frutigeraerooutfit', '2000syoga', 'wellnessaesthetic']",2026-04-13 16:00:44,done
https://www.tiktok.com/@merciinvetitum/video/7602641193582742806,merciinvetitum,I love the 2000s yoga mum aesthetic so much 🌱 #pinterest #yoga #nostalgiacore #wellness #targetaudienceforyou ,161,0,0.0,2024-9-20,,False,False,False,False,False,False,"['pinterest', 'yoga', 'nostalgiacore', 'wellness', 'targetaudienceforyou']",2026-04-13 16:00:49,done
https://www.tiktok.com/@glxriis/video/7617957504756059425,glxriis,#yoga #2000s #vibe #aesthetic #fyp ,468,2,0.0,2025-12-21,,False,False,False,False,False,False,"['yoga', '2000s', 'vibe', 'aesthetic', 'fyp']",2026-04-13 16:00:55,done
https://www.tiktok.com/@midnightwhimsy1/video/7617054432022236436,midnightwhimsy1,🪷#aesthetic #yoga #aestheticedits #sadé #2000s  ,175,0,0.0,2026-6-79,,False,True,False,False,False,False,"['aesthetic', 'yoga', 'aestheticedits', 'sad%C3%A9', '2000s']",2026-04-13 16:01:02,done
https://www.tiktok.com/@sadgirlztopic/video/7605163978486058262,sadgirlztopic,2000s yoga aesthetic #yoga #giselebündchen #supermodel #fashion #yogamon ,219,0,0.0,2026-6-79,,False,False,False,False,False,False,"['yoga', 'giseleb%C3%BCndchen', 'supermodel', 'fashion', 'yogamon']",2026-04-13 16:01:07,done
https://www.tiktok.com/@duskdoll03/video/7625729195452271894,duskdoll03,2000’s yoga classes #fyp #onthisday #viral #2000sthrowback #2000yogaaesthetic ,14,0,0.0,2026-6-79,,False,False,False,False,False,False,"['fyp', 'onthisday', 'viral', '2000sthrowback', '2000yogaaesthetic']",2026-04-13 16:01:13,done
https://www.tiktok.com/@.miss_lizz/video/7622371803729497377,.miss_lizz,2000's tuscan spiritual yoga aesthetic #2000s #yoga #peace #targetaudience #matcha ,83,1,0.0,2025-11-29,,False,False,False,False,False,False,"['2000s', 'yoga', 'peace', 'targetaudience', 'matcha']",2026-04-13 16:01:19,done
https://www.tiktok.com/@.secrett_shhhh/video/7618189102046842126,.secrett_shhhh,2000s zen yoga 🧘‍♀️ #relatable #fyp #yoga #2000s,1874,4,0.0,2026-6-79,,False,False,False,False,False,False,"['relatable', 'fyp', 'yoga', '2000s']",2026-04-13 16:01:25,done
https://www.tiktok.com/@pinterestt.giirll/video/7622978188104256800,pinterestt.giirll,#tuscan #2000s #aesthetic #yoga #meditation ,215,1,0.0,2026-6-79,,False,False,False,False,False,False,"['tuscan', '2000s', 'aesthetic', 'yoga', 'meditation']",2026-04-13 16:01:31,done
https://www.tiktok.com/@secondhands1ren/video/7603104715798252814,secondhands1ren,Y2k yoga aesthetic 🧘‍♀️💫 #y2kaesthetic #y2knostalgia #y2kyogamom #yogainspiration #moodboard ,654,4,0.0,2026-6-79,,False,False,False,False,False,False,"['y2kaesthetic', 'y2knostalgia', 'y2kyogamom', 'yogainspiration', 'moodboard']",2026-04-13 16:01:36,done
https://www.tiktok.com/@justtanangelfromheaven/video/7626438245437410578,justtanangelfromheaven,bring back 2000s yoga vibes#yoga #2000s #giselebundchen #yogaaesthetic #fyp ,139,0,0.0,2026-6-79,,False,False,False,False,False,False,"['yoga', '2000s', 'giselebundchen', 'yogaaesthetic', 'fyp']",2026-04-13 16:01:43,done
https://www.tiktok.com/@londongirlys123/video/7623200377021697302,londongirlys123,#yoga #2000syoga #2000syogaaesthetic #healing #yogamom ,105,0,0.0,2026-6-79,,False,False,False,False,False,False,"['yoga', '2000syoga', '2000syogaaesthetic', 'healing', 'yogamom']",2026-04-13 16:01:49,done
https://www.tiktok.com/@sarangsoo/video/7608623292215299346,sarangsoo,"2000s yoga mom/instructor vibe 
#2000s #2000syogaaesthetic 
#pinterest #healthylifestyle #tuskan ",14400,30,0.0,2026-6-79,,False,False,False,False,False,False,"['2000s', '2000syogaaesthetic', 'pinterest', 'healthylifestyle', 'tuskan']",2026-04-13 16:01:55,done
https://www.tiktok.com/@katiesfashionjournal/video/7624802921430928662,katiesfashionjournal,#yoga #2000s #2000syoga #2000syogaaesthetic #healing ,150,15,0.0,2026-6-79,,False,False,False,False,False,False,"['yoga', '2000s', '2000syoga', '2000syogaaesthetic', 'healing']",2026-04-13 16:02:01,done
https://www.tiktok.com/@ellam00000/video/7619151417521048850,ellam00000,✮ ⋆ ˚｡𖦹Moodboard⋆｡°✩ #zen #moodboard #2000syogaaesthetic #2000s ,36,0,0.0,2025-12-25,,False,False,False,False,False,False,"['zen', 'moodboard', '2000syogaaesthetic', '2000s']",2026-04-13 16:02:08,done
https://www.tiktok.com/@ily.very.matcha/video/7621571099263814925,ily.very.matcha,i need her whole closet for summer #jessicaalba #2000s #swag #outfitsinspo #streetstyle ,961,7,0.0,2026-6-79,,False,False,False,False,False,False,"['jessicaalba', '2000s', 'swag', 'outfitsinspo', 'streetstyle']",2026-04-13 16:02:13,done
https://www.tiktok.com/@starrysleep444/video/7593726472284654870,starrysleep444,This is the adulthood I was promised 🪷🧘‍♀️ #2000s #2000yogaaesthetic #pilates #zenx #wellnesslifestyle ,11200,24,0.0,2025-6-28,,False,True,False,False,False,False,"['2000s', '2000yogaaesthetic', 'pilates', 'zenx', 'wellnesslifestyle']",2026-04-13 16:02:18,done
https://www.tiktok.com/@mervesdiiary/video/7625286256016084257,mervesdiiary,"Day in my life living like a 2000’s Tuscan yoga baddie 
🪷🧘🏻‍♀️🌀 (don’t take me too serious)

#2000s #2000syogamomaesthetic #technozen #gymvlog #yoga ",210,8,0.0,2026-6-79,,False,True,False,False,False,False,"['2000s', '2000syogamomaesthetic', 'technozen', 'gymvlog', 'yoga']",2026-04-13 16:02:24,done
https://www.tiktok.com/@editsyournewdreamscape/video/7607256700634041614,editsyournewdreamscape,"✨ Find Your Inner Flow ✨
Join Jasmine on the mat for a journey from stiff to sensational! 🧞‍♀️ Whether you're feeling like a Level 1 beginner or ready to dive into Level 5, these mobilization exercises will have you moving like royalty. Let’s get that spine feeling magical! ✨💪#JasmineMoves #YogaRoyal #MobilizationMagic #FitDisney #FlowLikeJasmine",116600,501,0.0,2025-5-24,,False,False,False,False,False,False,"['jasminemoves', 'yogaroyal', 'mobilizationmagic', 'fitdisney', 'flowlikejasmine']",2026-04-13 16:02:29,done
https://www.tiktok.com/@laceyarchives/video/7618923449674698005,laceyarchives,i <3 yoga #2000s #yoga #meditation #bali #targetaudience ,139,1,0.0,2026-6-79,,False,False,False,False,False,False,"['2000s', 'yoga', 'meditation', 'bali', 'targetaudience']",2026-04-13 16:02:35,done
https://www.tiktok.com/@fasionlover44/video/7622241796768222497,fasionlover44,2000s yoga instructor#2000syoga#fyp#aesthetic ,355,0,0.0,2026-6-79,,False,False,False,False,False,False,"['2000syoga', 'fyp', 'aesthetic']",2026-04-13 16:02:42,done
https://www.tiktok.com/@stellargaze.com/video/7610743854983105812,stellargaze.com,"The life we're ment to live 
#zen #2000saesthetic #zenyoga #pilates #moodboardaesthetic ",570,3,0.0,2026-6-79,,False,False,False,False,False,False,"['zen', '2000saesthetic', 'zenyoga', 'pilates', 'moodboardaesthetic']",2026-04-13 16:02:48,done
https://www.tiktok.com/@dailyinsp0xx/video/7626813591643114765,dailyinsp0xx,🪷🧘🏽‍♀️🫧 #2000yogaaesthetic #aesthetic #yoga #aesthetic #trending ,1899,5,0.0,2026-6-79,,False,False,False,False,False,False,"['2000yogaaesthetic', 'aesthetic', 'yoga', 'trending']",2026-04-13 16:02:54,done
https://www.tiktok.com/@skypesellysicyber/video/7383920366231506222,skypesellysicyber,#2000s #flower #aesthetic #pinterest #fypp #fypシ゚viral ,13100,46,0.0,2024-6-24,,False,False,False,False,False,False,"['2000s', 'flower', 'aesthetic', 'pinterest', 'fypp', 'fyp%E3%82%B7%E3%82%9Aviral']",2026-04-13 16:03:00,done
https://www.tiktok.com/@pearlyymatcha/video/7625517349784849684,pearlyymatcha,yoga mom aesthetic #yoga #yogamom #aesthetic #2000s #healthylifestyle ,427,4,0.0,2025-12-10,,False,False,False,False,False,False,"['yoga', 'yogamom', 'aesthetic', '2000s', 'healthylifestyle']",2026-04-13 16:03:06,done
https://www.tiktok.com/@sun.bleached8/video/7600159870238706976,sun.bleached8,pinterest. sunbleachedflowers #fyp #moodboardaesthetic #zen #yoga #2000s ,78400,127,0.0,2026-6-79,,False,False,False,False,False,False,"['fyp', 'moodboardaesthetic', 'zen', 'yoga', '2000s']",2026-04-13 16:03:13,done
https://www.tiktok.com/@silperh/video/7624464631808920864,silperh,#yoga #2000s #fyp #foruyou #aestheticvideos ,109,1,0.0,2026-6-79,,False,False,False,False,False,False,"['yoga', '2000s', 'fyp', 'foruyou', 'aestheticvideos']",2026-04-13 16:03:18,done
https://www.tiktok.com/@ririmoodboards/video/7620102458810862862,ririmoodboards,"👙🌺🐬🪷🧘🏻‍♀️ | #moodboardaesthetic #moodboard #fyp #summer | keywords: moodboard, aesthetic, summer, yoga, 2000’s",272,2,0.0,2026-6-79,,False,False,False,False,False,False,"['moodboardaesthetic', 'moodboard', 'fyp', 'summer']",2026-04-13 16:03:25,done
https://www.tiktok.com/@shannonlynchenthusiast/video/7627569688305732886,shannonlynchenthusiast,"2000s yoga 🩰🪽👼🏼
#fyp #2000s #girlblog #2000syoga #aesthetic  ",180,1,0.0,2025-12-27,,False,False,False,False,False,False,"['fyp', '2000s', 'girlblog', '2000syoga', 'aesthetic']",2026-04-13 16:03:30,done
https://www.tiktok.com/@niche_.inspo/video/7620543008538184982,niche_.inspo,2000s zen yoga aesthetic #aesthetic #niche #2000s #fyp #2000syogaaesthetic  ,773,8,0.0,2026-6-79,,False,False,False,False,False,False,"['aesthetic', 'niche', '2000s', 'fyp', '2000syogaaesthetic']",2026-04-13 16:03:37,done
https://www.tiktok.com/@vampirezarecoolz/video/7621787518131899679,vampirezarecoolz,#2000syogamom #manifestation #aesthetic #girlbloggeraesthetic #2000s,245,3,0.0,2026-6-79,,False,False,False,False,False,False,"['2000syogamom', 'manifestation', 'aesthetic', 'girlbloggeraesthetic', '2000s']",2026-04-13 16:03:43,done
https://www.tiktok.com/@visionboardwleila/video/7593758930107452694,visionboardwleila,the new Pilates princess for 2026 #2000s #2000syoga #yogamom #yogacore,2534,4,0.0,2026-6-79,,False,False,False,False,False,False,"['2000s', '2000syoga', 'yogamom', 'yogacore']",2026-04-13 16:03:50,done
https://www.tiktok.com/@tealmoonlight/video/7617557325749964046,tealmoonlight,🪷🤸🏻‍♀️🌅 #2000syogaaesthetic #zen #visionboard #spring #spirituality ,570,2,0.0,2026-6-79,,False,False,False,False,False,False,"['2000syogaaesthetic', 'zen', 'visionboard', 'spring', 'spirituality']",2026-04-13 16:03:56,done
https://www.tiktok.com/@bexilithh/video/7626478137680891157,bexilithh,"cok zorlaniyorm ya

#yoga #giselebundchen #2000s #girlblogger #aesthetic ",184,0,0.0,2026-6-79,,False,False,False,False,False,False,"['yoga', 'giselebundchen', '2000s', 'girlblogger', 'aesthetic']",2026-04-13 16:04:03,done
https://www.tiktok.com/@accountforitgirls/video/7601488029110373654,accountforitgirls,bring this back #yoga #yogainstructor #2000s #fyp #aesthetic ,4523,1,0.0,2026-6-79,,False,False,False,False,False,False,"['yoga', 'yogainstructor', '2000s', 'fyp', 'aesthetic']",2026-04-13 16:04:08,done
https://www.tiktok.com/@niche_.inspo/video/7625663673452760342,niche_.inspo,#moodboard #fyp #summer #niche #2000syogaaesthetic   ,128,4,0.0,2026-6-79,,False,False,False,False,False,False,"['moodboard', 'fyp', 'summer', 'niche', '2000syogaaesthetic']",2026-04-13 16:04:15,done
https://www.tiktok.com/@cozy.chic.angel1/video/7622722435380563230,cozy.chic.angel1,2000s yoga mom core #aesthetic #2000 #fyp #nostalgia #inspo ,378,2,0.0,2026-6-79,,False,False,False,False,False,False,"['aesthetic', '2000', 'fyp', 'nostalgia', 'inspo']",2026-04-13 16:04:20,done
https://www.tiktok.com/@meli.whimsy/video/7615491783182667029,meli.whimsy,"acknowledge, accept and let go 🌸🧘‍♀️🫧🌞🪷🌊
#2000s #yogamom #fyp #yoga #yogaaesthetic ",483,0,0.0,2026-6-79,,False,False,False,False,False,False,"['2000s', 'yogamom', 'fyp', 'yoga', 'yogaaesthetic']",2026-04-13 16:04:26,done
https://www.tiktok.com/@britishsighlanguage/video/7617442670037798166,britishsighlanguage,let’s bring this aesthetic back please🙏🏽#targetaudience #2000syogamom #2000s #blowthisupforme #yoga ,7104,13,0.0,2026-6-79,,False,False,False,False,False,False,"['targetaudience', '2000syogamom', '2000s', 'blowthisupforme', 'yoga']",2026-04-13 16:04:31,done
https://www.tiktok.com/@ambertaless/video/7627907586494483715,ambertaless,#2000s #yogamom #aestethic #foryoupage #fyp ,176,0,0.0,,,False,False,False,False,False,False,"['2000s', 'yogamom', 'aestethic', 'foryoupage', 'fyp']",2026-04-13 16:04:36,error
https://www.tiktok.com/@huynhhpd1nj/video/7556909461105954055,huynhhpd1nj,#フィットネス #‌ヨガ,561,6,0.0,2025-10-3,,False,False,False,False,False,False,"['%E3%83%95%E3%82%A3%E3%83%83%E3%83%88%E3%83%8D%E3%82%B9', '%E2%80%8C%E3%83%A8%E3%82%AC']",2026-04-13 16:04:43,done
https://www.tiktok.com/@short.stories9889/video/7617492315111820551,short.stories9889,"2000s yoga mom asthetic 🪷🧘‍♀️🌿

#2000s#yogamom#asthetic#fyp",153,0,0.0,2026-6-79,,False,False,False,False,False,False,"['2000s', 'yogamom', 'asthetic', 'fyp']",2026-04-13 16:04:47,done
https://www.tiktok.com/@asbestoslover555/video/7619543039983291662,asbestoslover555,beach yoga for the soul #yoga #beach #2000syogaaesthetic #wellness #fyp ,196,2,0.0,2026-6-79,,False,False,False,False,False,False,"['yoga', 'beach', '2000syogaaesthetic', 'wellness', 'fyp']",2026-04-13 16:04:53,done
https://www.tiktok.com/@thesilentlottie/video/7612251402118728973,thesilentlottie,#2000syogaaesthetic #wellness ,214,0,0.0,2025-1-16,,False,False,False,False,False,False,"['2000syogaaesthetic', 'wellness']",2026-04-13 16:04:59,done
https://www.tiktok.com/@stay_so/video/7623781495735717140,stay_so,"🧘🏽‍♀️🪷🍃
#yoga #2000s #meditation #aesthetic #moodboard yoga 2000s girl aesthetic meditation vibe yoga outfits sea ocean tropics fruits nature beauty plants ",330,2,0.0,2026-6-79,,False,False,False,False,False,False,"['yoga', '2000s', 'meditation', 'aesthetic', 'moodboard']",2026-04-13 16:05:04,done
https://www.tiktok.com/@vanilla.scented.mp4/video/7626160155729759506,vanilla.scented.mp4,#2000s #zen #yoga #fyp #aesthetic ,65,0,0.0,2026-6-79,,False,False,False,False,False,False,"['2000s', 'zen', 'yoga', 'fyp', 'aesthetic']",2026-04-13 16:05:10,done
https://www.tiktok.com/@mermaid_z0/video/7600255015344721182,mermaid_z0,Early 2000s yoga aesthetic #yoga #yogateacher #early2000s #zen #fyp ,1713,7,0.0,,,False,False,False,False,False,False,"['yoga', 'yogateacher', 'early2000s', 'zen', 'fyp']",2026-04-13 16:05:15,error
https://www.tiktok.com/@_alexabroad/video/7600893966401195271,_alexabroad,"bring this era back 🧘‍♀️✨ 
#moodboard #2000saesthetic #yogainspo #yogacore #2000syogamom ",557,5,0.0,2026-6-79,,False,False,False,False,False,False,"['moodboard', '2000saesthetic', 'yogainspo', 'yogacore', '2000syogamom']",2026-04-13 16:05:22,done
https://www.tiktok.com/@a1eexandraa/video/7612845230798261535,a1eexandraa,is the fit giving ? 🩵#foryou #aesthetic #2000syogaaesthetic #vintage #ootd ,192,4,0.0,2025-12-9,,False,False,False,False,False,False,"['foryou', 'aesthetic', '2000syogaaesthetic', 'vintage', 'ootd']",2026-04-13 16:05:28,done
https://www.tiktok.com/@elifg.a/video/7621431345759210770,elifg.a,outfit is so 2000s yoga aesthetic ,2694,12,0.0,2025-9-4,,False,False,False,False,False,False,[],2026-04-13 16:05:34,done
https://www.tiktok.com/@strawberryoatmilklatte/video/7619335495503383839,strawberryoatmilklatte,🍃🧘‍♀️🪷🫧🪽🌊 #2000s #zen #yoga #nature #aesthetic ,194,0,0.0,2026-6-79,,False,False,False,False,False,False,"['2000s', 'zen', 'yoga', 'nature', 'aesthetic']",2026-04-13 16:05:40,done
https://www.tiktok.com/@ellavated__/video/7626036080495561997,ellavated__,#yogamom #yoga #2000s #fyp #holistichealth ,3154,6,0.0,2025-8-21,,False,False,False,False,False,False,"['yogamom', 'yoga', '2000s', 'fyp', 'holistichealth']",2026-04-13 16:05:46,done
https://www.tiktok.com/@reveriediarys/video/7625655763570150677,reveriediarys,my goal for summer 2026 🪷 #2000s #yoga #wellness #aesthetic #fyp ,368,1,0.0,2026-6-79,,False,False,False,False,False,False,"['2000s', 'yoga', 'wellness', 'aesthetic', 'fyp']",2026-04-13 16:05:53,done
https://www.tiktok.com/@katiesfashionjournal/video/7620559563728751894,katiesfashionjournal,#2000syoga #2000syogaaesthetic #yogaaesthetic #breathe ,99,39,0.0,2026-6-79,,False,False,False,False,False,False,"['2000syoga', '2000syogaaesthetic', 'yogaaesthetic', 'breathe']",2026-04-13 16:05:59,done
https://www.tiktok.com/@dorkyenzoo/video/7620581257147059477,dorkyenzoo,#2000syogaaesthetic #yoga #yogagirl ,383,4,0.0,2026-6-79,,False,False,False,False,False,False,"['2000syogaaesthetic', 'yoga', 'yogagirl']",2026-04-13 16:06:05,done
https://www.tiktok.com/@itsme.ur.lil.venicebxtch/video/7623580622795148575,itsme.ur.lil.venicebxtch,💪 #moodboardaesthetic #moodboard #pinterest #moodboardedit #fypシ゚ ,1902,2,0.0,2026-6-79,,False,False,False,False,False,False,"['moodboardaesthetic', 'moodboard', 'pinterest', 'moodboardedit', 'fyp%E3%82%B7%E3%82%9A']",2026-04-13 16:06:10,done
https://www.tiktok.com/@.cheriiys/video/7613228027048234271,.cheriiys,"2000s yoga aesthetic
🧖🏻‍♀️🎍🥒🎐🧘‍♀️
#xyzbca #tiktok #fyp #trend #clean ",11,0,0.0,2026-6-79,,False,False,False,False,False,False,"['xyzbca', 'tiktok', 'fyp', 'trend', 'clean']",2026-04-13 16:06:17,done
https://www.tiktok.com/@lacepeony/video/7604697013938162958,lacepeony,"let go, or be dragged #moodboard #aesthetic #wellness #yoga #2000s ",2635,6,0.0,2026-6-79,,False,False,False,False,False,False,"['moodboard', 'aesthetic', 'wellness', 'yoga', '2000s']",2026-04-13 16:06:23,done
https://www.tiktok.com/@thoughtgothic/video/7592908449877331222,thoughtgothic,Nothing makes me more at peace than the y2k yoga/ wellness aesthetic #yoga #wellness #fyp #winterarc #foryou ,47400,56,0.0,2026-6-79,,False,False,False,False,False,False,"['yoga', 'wellness', 'fyp', 'foryou']",2026-04-13 16:06:29,done
https://www.tiktok.com/@annikasandma/video/7619340568002399518,annikasandma,I need to fix my nails 🫣 #fypシ #fitcheck #yogapants #2000syogaaesthetic #labyrinth ,27,0,0.0,2026-6-79,,False,False,False,False,False,False,"['fyp%E3%82%B7', 'fitcheck', 'yogapants', '2000syogaaesthetic', 'labyrinth']",2026-04-13 16:06:35,done
https://www.tiktok.com/@downtowngirl_6/video/7622880072969587975,downtowngirl_6,And then give me a week off🧘🏻‍♀️#yoga2000s #2000s #girlblogger #foryou #body,465,1,0.0,2025-12-16,,False,False,False,False,False,False,"['yoga2000s', '2000s', 'girlblogger', 'foryou', 'body']",2026-04-13 16:06:40,done
https://www.tiktok.com/@mermseilin/video/7602284060731395335,mermseilin,2000’s zen aesthetic 🪷 #2000snostalgia #yoga #zenaesthetic #2000saesthetic #zen ,23900,36,0.0,2026-6-79,,False,False,False,False,False,False,"['2000snostalgia', 'yoga', 'zenaesthetic', '2000saesthetic', 'zen']",2026-04-13 16:06:46,done
https://www.tiktok.com/@cvtiestar/video/7600868794633882902,cvtiestar,🪷🧘🏼‍♀️ #fypchallenge #2000syogamum #aesthetic #moodboard #PEACE ,768,18,0.0,2026-6-79,,False,False,False,False,False,False,"['fypchallenge', '2000syogamum', 'aesthetic', 'moodboard', 'PEACE']",2026-04-13 16:06:51,done
https://www.tiktok.com/@katiesfashionjournal/video/7622976440656481558,katiesfashionjournal,#2000syoga #2000syogaaesthetic #2000s #yoga #yogamom ,304,18,0.0,2026-6-79,,False,False,False,False,False,False,"['2000syoga', '2000syogaaesthetic', '2000s', 'yoga', 'yogamom']",2026-04-13 16:06:59,done
https://www.tiktok.com/@no1.fashionx/video/7619381241174822166,no1.fashionx,2000s yoga aesthetic #2000s #yoga #fashion #elegant #2000sfashion,277,0,0.0,2025-7-5,,False,False,False,False,False,False,"['2000s', 'yoga', 'fashion', 'elegant', '2000sfashion']",2026-04-13 16:07:04,done
https://www.tiktok.com/@lucysbonbons/video/7607447903916854548,lucysbonbons,To kickstart your 2000s yoga mum aesthetic xxx #sewing #fashion #fitcheck #ootd #diy ,7054,19,0.0,2026-6-79,,False,False,False,False,False,False,"['sewing', 'fashion', 'fitcheck', 'ootd', 'diy']",2026-04-13 16:07:10,done
https://www.tiktok.com/@amysinterest/video/7613894461583822082,amysinterest,"To be a yoga instructor in the 2000s
#fyp #2000  #yoga #pinterest #moodboard ",435,0,0.0,2026-6-79,,False,False,False,False,False,False,"['fyp', '2000', 'yoga', 'pinterest', 'moodboard']",2026-04-13 16:07:16,done
https://www.tiktok.com/@amylielovee/video/7624266034605722912,amylielovee,🪷🐉🧘🏽‍♀️ #yogaaesthetic #zenx #2000s #moodboard #lotusflower ,284,2,0.0,2025-10-3,,False,False,False,False,False,False,"['yogaaesthetic', 'zenx', '2000s', 'moodboard', 'lotusflower']",2026-04-13 16:07:22,done
https://www.tiktok.com/@_alexabroad/video/7605370402084424980,_alexabroad,"🫧☀️🌺
#moodboard #2000syogaaesthetic ",46,1,0.0,2026-6-79,,False,False,False,False,False,False,"['moodboard', '2000syogaaesthetic']",2026-04-13 16:07:29,done
https://www.tiktok.com/@aerigrandeh/video/7608350320778857749,aerigrandeh,2000s Yoga aesthetic 🙏🏻 #yoga #meditation #pinterest #moodboard #nature ,199,3,0.0,2026-6-79,,False,False,False,False,False,False,"['yoga', 'meditation', 'pinterest', 'moodboard', 'nature']",2026-04-13 16:07:35,done
https://www.tiktok.com/@dollette.xoxoo/video/7624737329390865695,dollette.xoxoo,"yoga core but 2000’s 🧘‍♀️🪷 
#yoga #aesthetic #moodboard #fyp #fashion
ifb <3",6058,9,0.0,2026-6-79,,False,False,False,False,False,False,"['yoga', 'aesthetic', 'moodboard', 'fyp', 'fashion']",2026-04-13 16:07:41,done
